gene_id	lr	df	pvalue	adj_pvalue
DYNC1I2	1135.52273816369	7	6.16768105976882e-241	2.71254613008633e-237
DCTN1	653.997687424802	9	5.32271414766098e-135	1.17046484107065e-131
GTF2I	341.106645952976	4	1.45892207538614e-72	2.13877976251608e-69
USP5	287.485235845576	2	3.74433089894007e-63	4.11689182338461e-60
GPHN	275.860485714215	1	5.99365367473665e-62	5.27201777229836e-59
KANSL3	279.4076919476	6	2.10375165434036e-57	1.54204996263148e-54
PTPRZ1	257.526997296387	2	1.19873467079176e-56	7.53147868877451e-54
KIAA1191	262.476049177152	4	1.33477006547633e-55	7.33789843495615e-53
APLP2	253.395748176488	3	1.20602414862613e-54	5.89343800628634e-52
SEPTIN2	249.72738825671	5	6.28943184298758e-52	2.76609212454594e-49
MACROH2A1	248.745262519769	5	1.02171739937987e-51	4.08501192952059e-49
FNBP1L	224.02402789864	2	2.25839776289999e-49	8.27702780102846e-47
MYO6	232.970820314497	4	3.02700462047723e-49	1.02405894775837e-46
FHL1	223.297229310127	3	3.88988255467427e-48	1.22197881967553e-45
NCDN	217.764703843977	2	5.16410880012553e-48	1.5141167001968e-45
PFN2	207.399886303261	1	5.07169799653151e-47	1.3940829867966e-44
ASPH	207.334420777623	4	9.9474834039204e-44	2.57347247120247e-41
TSC2	223.979710797345	9	3.04486280310581e-43	7.43961478225519e-41
APP	199.291662872536	4	5.33532714970007e-42	1.23498783180952e-39
ABAT	178.140199338192	1	1.23453006700295e-40	2.71473161733949e-38
ATG13	191.833987532892	4	2.13884257753749e-40	4.4793474552428e-38
TBC1D9B	173.288224081038	4	2.05903152873041e-36	4.11619121061651e-34
MASP1	163.999051437281	2	2.44375949250563e-36	4.67289315132163e-34
AMPD2	197.859827694304	12	9.01621416881985e-36	1.65222124643624e-33
NRCAM	153.829553089554	2	3.94763480892532e-34	6.94467915586142e-32
ATG16L1	164.372719363083	5	1.15713205318516e-33	1.95733337304167e-31
CDC42	147.282181842002	2	1.04251082132902e-32	1.69813429340927e-30
TPD52L2	156.920027330249	6	2.65818417891813e-31	4.17524786388641e-29
SLC25A25	139.437932478319	4	3.72369054405215e-29	5.64716931473839e-27
PTBP2	138.913554151542	4	4.82200613346397e-29	7.06906099165818e-27
AP2A1	113.66144324234	1	1.54569689566586e-26	2.19289514423821e-24
ANK2	133.406300777715	8	5.56099096797449e-25	7.64288696160994e-23
SALL2	101.235838420977	1	8.16584447177313e-24	1.08828436323813e-21
CDC25B	110.485475541237	3	8.62690936801263e-24	1.11591610001528e-21
EHBP1	99.6533435594483	1	1.81548113482762e-23	2.26616184600427e-21
AMPH	99.6107211391682	1	1.85497559018085e-23	2.26616184600427e-21
BIN1	111.972292215748	4	2.76245345696076e-23	3.28358656857119e-21
PROM1	113.853970144017	5	6.27563910905961e-23	7.26322652674846e-21
USP16	101.586292976835	2	8.72603120200102e-23	9.84027826317962e-21
RALYL	90.6138140127625	1	1.74636851900247e-21	1.92013218664322e-19
SH2B1	103.264406215791	4	1.9845893254147e-21	2.12883508613996e-19
ARMC6	91.0791467734034	2	1.66883949748369e-20	1.74751335950792e-18
KIFBP	104.868638569817	6	2.41449948624465e-20	2.46952761407069e-18
UNG	88.3722073861845	2	6.45979876763645e-20	6.45686249546935e-18
NDRG2	104.764284713492	7	1.1166725469654e-19	1.09136130256752e-17
ZFAND6	93.8970094087417	4	1.95568336345233e-19	1.83523427037882e-17
ATAT1	97.2969021199615	5	1.96125535943167e-19	1.83523427037882e-17
G3BP2	81.0804997148371	2	2.47510251774591e-18	2.26781268188469e-16
NRBP1	84.5675960107219	3	3.21343296285407e-18	2.8842200348229e-16
PFKFB3	79.6480424628353	2	5.06579174555819e-18	4.45587041939298e-16
MADD	83.203664894243	3	6.30512465426977e-18	5.43724279009381e-16
TRIM9	77.8346709635234	2	1.25434195840217e-17	1.06088383327937e-15
MCFD2	81.6561517788505	3	1.35441140976635e-17	1.10961055937796e-15
GOLM2	72.8929964850868	1	1.36873014929183e-17	1.10961055937796e-15
CLSTN1	77.6326785488745	2	1.38764394647085e-17	1.10961055937796e-15
AP2B1	84.7927303129436	4	1.67859495951472e-17	1.31829654141888e-15
RTN3	84.6587938095327	4	1.79208723414158e-17	1.38273678171134e-15
KLC1	92.7190257691254	7	3.41685583348104e-17	2.59091930269821e-15
NRG1	75.510805109093	2	4.00900879051152e-17	2.98841028146944e-15
RCAN1	70.0064744807615	1	5.91101256063579e-17	4.33277220694604e-15
PACSIN2	74.6164430913659	2	6.26967823543658e-17	4.52033522613936e-15
ADGRL2	96.7321142813223	9	7.19512708803257e-17	5.10389821502698e-15
KLHL13	81.162432221	4	9.87868099075762e-17	6.89626015830985e-15
DDX5	93.2654497943295	8	1.00881566961667e-16	6.93245517964707e-15
CD200	73.1474426482418	2	1.3068767937957e-16	8.84252944478997e-15
R3HDM1	76.5050755076793	3	1.72380631450757e-16	1.14868184412186e-14
SGK1	72.4956039542005	2	1.81042117359777e-16	1.18762574812607e-14
EPB41L3	76.3770548431941	3	1.83625627268241e-16	1.18762574812607e-14
EWSR1	81.5539198356564	5	3.96874281465262e-16	2.5296421592525e-14
MEAF6	65.7383570388611	1	5.14938736644698e-16	3.23528651966197e-14
MORF4L2	73.4063440643004	3	7.95466097874798e-16	4.92740830768079e-14
CSTF2	64.8498425063472	1	8.08285394570275e-16	4.93727661850009e-14
PRKACB	79.9207325339503	5	8.71845004767741e-16	5.25256757666921e-14
MDM1	72.4847253460825	3	1.25336449602669e-15	7.44905007233159e-14
TFG	107.332937029014	16	1.43816072953335e-15	8.43337451798357e-14
DDR1	75.39805762373	4	1.64142060175501e-15	9.49864185068226e-14
PICALM	68.0145678321442	2	1.70146982225906e-15	9.71826529648747e-14
SMARCA1	62.6601893094639	1	2.45630882259789e-15	1.3849802822802e-13
AGAP2	62.5194210742815	1	2.63830069622326e-15	1.46876537493543e-13
MYL6	70.8919853407042	3	2.74942007855977e-15	1.51149368818823e-13
PKM	70.7397016243267	3	2.96384025209469e-15	1.60925548502623e-13
RNPS1	70.3935953983964	3	3.51539993852389e-15	1.88545474751562e-13
ARHGAP39	60.3752402877206	1	7.83928671923274e-15	4.15387746881754e-13
MAP4	70.4252325417019	4	1.84592887290174e-14	9.66475617026412e-13
FERMT2	62.0622123870257	2	3.33704307639147e-14	1.72662534705526e-12
ATP1A3	61.9686756690717	2	3.49681819324675e-14	1.78825655975572e-12
DPYSL2	57.0047298251011	1	4.3476500909818e-14	2.19781208047563e-12
SCRIB	56.3899736677631	1	5.94326552485061e-14	2.97028202026056e-12
VAV2	60.619996436468	2	6.86333231283159e-14	3.39156578784644e-12
DMXL2	64.155275838104	3	7.60383926805231e-14	3.71574278898823e-12
PTK2B	54.3679328794525	1	1.66253852283673e-13	8.03499387190764e-12
SUPT5H	58.7214636734407	2	1.77335702082136e-13	8.47741758431775e-12
VPS29	54.1373005114365	1	1.86958300881421e-13	8.84131835781173e-12
KIDINS220	64.6982615395947	4	2.97876012133983e-13	1.39367946953751e-11
SYNJ1	57.035553347199	2	4.11990265363204e-13	1.90729809164986e-11
ZNF711	56.9046991125333	2	4.39846955784646e-13	2.01269496204281e-11
PIANP	56.8863112287563	2	4.43909530054917e-13	2.01269496204281e-11
ST7	63.5232963742301	4	5.26571316571014e-13	2.36312311252992e-11
RGS7	71.9348895391167	7	5.9994346027522e-13	2.66520337201052e-11
KIF21B	55.3620550132582	2	9.51223345497724e-13	4.18348027349899e-11
MRAS	50.1733919118597	1	1.40743341542576e-12	6.12860610004208e-11
FBXO5	49.6728077999892	1	1.81646111747031e-12	7.83215293591612e-11
ZRANB2	54.0196961517941	2	1.86110991831918e-12	7.94675866093956e-11
SPTAN1	60.8714380204183	4	1.90264857099499e-12	8.04600809157303e-11
SLC39A10	53.5853959479264	2	2.31248601302692e-12	9.68601284313563e-11
STAU1	65.4109011384899	6	3.55595029808254e-12	1.475383906695e-10
MINK1	56.2421003837944	3	3.72974929461826e-12	1.53303153249823e-10
LMO3	66.7656290518498	7	6.63743140604001e-12	2.70290956701518e-10
PLD3	57.7608352261122	4	8.56605105511193e-12	3.45628371930113e-10
KCNAB2	50.8720371039308	2	8.98002408124076e-12	3.59037690084517e-10
EEF1D	63.3179376126172	6	9.50750292124789e-12	3.76702683312146e-10
TNFRSF19	50.2778058850683	2	1.20868510711532e-11	4.74624741169032e-10
PDE4DIP	62.554914950349	6	1.36006011855772e-11	5.266242163837e-10
DOCK9	50.0344812126949	2	1.36505594969854e-11	5.266242163837e-10
ZFP62	45.3993703076976	1	1.60686031600822e-11	6.14519275635142e-10
LRRC20	55.8786586067527	4	2.12614028906645e-11	8.06100430285709e-10
FGFR1OP2	44.6993856330951	1	2.29729390253827e-11	8.63546887466949e-10
PPFIBP2	44.5532388761846	1	2.47533664086706e-11	9.22587334451979e-10
PLEKHA5	48.4915020907284	2	2.95259657336925e-11	1.09122014535109e-09
GNAO1	48.4569611920758	2	3.00403212192783e-11	1.10097777268655e-09
RTN4	51.9174595631148	3	3.11888586657805e-11	1.13362479679424e-09
EIF4E2	57.5054097426873	5	3.97827134824566e-11	1.43413421226102e-09
ZFYVE27	57.3574855944726	5	4.26771289027083e-11	1.52596758466757e-09
ANXA7	43.1663380171674	1	5.02782953288758e-11	1.78325760368061e-09
HOPX	50.841452035498	3	5.28775454643146e-11	1.86044355961644e-09
PTPRF	43.0467450825067	1	5.34474631775496e-11	1.8655709766259e-09
ATP2A2	47.2545493217676	2	5.48030831945051e-11	1.89782645582231e-09
CLDND1	56.4020571267392	5	6.71581654244823e-11	2.30751259013182e-09
PITPNB	42.5528365782957	1	6.87984254945705e-11	2.34554632034978e-09
SDCBP	53.194624730022	4	7.75891145412927e-11	2.62489942886620e-09
DPF2	45.5196858853399	2	1.30474548000042e-10	4.3803592527037e-09
DNAJB5	51.2656226515228	4	1.96439354327233e-10	6.54500212372098e-09
BBS2	91.083358728687	22	2.24023650361112e-10	7.40793995705391e-09
GOPC	44.2086935615541	2	2.51306757699126e-10	8.2481128385131e-09
TPM3	56.1515391303483	6	2.71265182409505e-10	8.83721683138522e-09
ECT2	43.6875600704866	2	3.26112065235114e-10	1.0535926271046e-08
STRADA	55.7422711368831	6	3.28199613263597e-10	1.0535926271046e-08
HSP90B1	58.0078079973318	7	3.76743876456328e-10	1.20066635409778e-08
VGLL4	39.198071522831	1	3.82918260995112e-10	1.21156439701907e-08
CLTA	46.0616431052945	3	5.50288133884263e-10	1.72869086630213e-08
CLASP1	42.5811452796488	2	5.670505629918e-10	1.76871516031059e-08
B3GALNT1	68.3327717771654	12	6.55984159929606e-10	2.03170305307775e-08
MFSD10	48.618917905017	4	7.01162983138699e-10	2.15644391597483e-08
TMEM255A	41.8868112691589	2	8.02406615575654e-10	2.45068353840398e-08
NREP	41.6622859701311	2	8.97737878443029e-10	2.72293185475341e-08
PAICS	37.2209446736415	1	1.05474837026357e-09	3.17724885782135e-08
BAK1	36.3483533865295	1	1.65018568552461e-09	4.93708615301852e-08
RAB6A	36.0235076712925	1	1.94951352184339e-09	5.79321653315355e-08
PRRT2	39.9552207211127	2	2.10782261022282e-09	6.22161331527515e-08
DST	42.4256898478477	3	3.25859229295681e-09	9.55419260294938e-08
STRN4	34.7948355979556	1	3.66343956600849e-09	1.06700710008645e-07
SYPL1	34.2454049374383	1	4.85821198187111e-09	1.40568528264928e-07
PDE2A	33.4519077001478	1	7.30480913029692e-09	2.09977454608143e-07
MPP2	37.4521501403065	2	7.36832764633123e-09	2.104279544712e-07
SEPTIN9	40.6481739930168	3	7.76492038834055e-09	2.20323353986592e-07
TACC2	43.5678440817417	4	7.88844404645816e-09	2.22393441771301e-07
SLC44A2	37.1406072516024	2	8.61032626237628e-09	2.41198821031407e-07
AFDN	46.0944352163369	5	8.68879420818358e-09	2.41856436250578e-07
BCL2L1	53.2464422977428	8	9.66270805453454e-09	2.67274151093352e-07
ARHGEF1	40.1024342855701	3	1.01354569605935e-08	2.78598373204314e-07
WASF1	42.8759157118911	4	1.09798530534009e-08	2.99934122539485e-07
RFC5	32.4977058242428	1	1.19333318870059e-08	3.23211107718562e-07
ELAVL2	39.7600381410481	3	1.19789473756538e-08	3.23211107718562e-07
PRDM2	39.7295438749443	3	1.21585450229887e-08	3.26056591531124e-07
TLE5	32.2270245611339	1	1.37169532136421e-08	3.65619152930897e-07
RHOBTB1	32.0694191739726	1	1.48760631992182e-08	3.94126059940732e-07
TJAP1	42.169397045026	4	1.53859123550006e-08	4.05193069085585e-07
SMPD4	44.8554845576837	5	1.55241355106756e-08	4.06399690333043e-07
OCRL	31.6253584234291	1	1.86972058181353e-08	4.86569888687331e-07
KAT2A	31.5097922426048	1	1.98437023733761e-08	5.13080247639156e-07
ANK3	35.4601503809496	2	1.9949232002341e-08	5.13080247639156e-07
LRPPRC	53.7528322702483	9	2.10345367072391e-08	5.3784821185138e-07
PHLDB1	38.5320329885263	3	2.18066096934855e-08	5.54366875329186e-07
LMO7	35.2590867972209	2	2.20590387456476e-08	5.57561220708956e-07
ATF2	35.1022492746361	2	2.38585155475722e-08	5.99598579304128e-07
MFF	48.6739628839059	7	2.62831325912293e-08	6.56779642819469e-07
APOLD1	34.8501882662463	2	2.70631142732354e-08	6.72449585162086e-07
P3H1	40.2202151656634	4	3.89746023523893e-08	9.6297921992027e-07
COPA	40.0827958848977	4	4.16107988904026e-08	1.02237035486028e-06
PCMT1	42.6665714279588	5	4.31704253482523e-08	1.05479739267563e-06
MBD1	39.5739324095448	4	5.30176988143166e-08	1.28824220654897e-06
SULT4A1	33.4073510336661	2	5.56782908778055e-08	1.34131441772008e-06
CD46	47.0003317723194	7	5.58118550347373e-08	1.34131441772008e-06
SMG7	36.4979876986672	3	5.87600114298274e-08	1.40449201232816e-06
GNAS	53.4128269850262	10	6.24039278105876e-08	1.48352688924846e-06
ADAR	35.3924297241792	3	1.00650364362185e-07	2.37829981068937e-06
ARPP21	38.2160820629206	4	1.01123707275787e-07	2.37829981068937e-06
PTPRR	32.1957993788279	2	1.02040127984652e-07	2.387087674875e-06
SYNE1	32.1567351474735	2	1.0405277925112e-07	2.42129165685939e-06
SYNE2	40.2153753052389	5	1.35122300405997e-07	3.12772566939776e-06
AP1S2	27.5986866658113	1	1.49280090970808e-07	3.43734994811316e-06
ARMCX5	34.5123035108422	3	1.54437597413591e-07	3.53758621575506e-06
NF2	27.4171966456823	1	1.63966666963972e-07	3.73640104304429e-06
SEPTIN11	31.1732404500972	2	1.7014408074626e-07	3.85718385114459e-06
CNKSR2	34.2863780464559	3	1.72370295497715e-07	3.88761312614846e-06
SCN4B	27.1275944067026	1	1.90459816517192e-07	4.27368506654394e-06
SEPTIN8	27.0846486634798	1	1.94738261850646e-07	4.34750698283828e-06
UBAP2L	36.6475997366433	4	2.12895930822759e-07	4.7288702210025e-06
CCDC82	52.5096167833108	11	2.20391519809479e-07	4.87076333729693e-06
OSBPL9	33.7406461004202	3	2.24735290730882e-07	4.9419290431721e-06
UNC13B	30.5908223420257	2	2.27660313724002e-07	4.98134358088636e-06
MAP1B	30.4282372440998	2	2.46940450112e-07	5.355379555228e-06
ACBD5	36.3325191802439	4	2.47190097706067e-07	5.355379555228e-06
MTCH1	43.304858866577	7	2.9126405253825e-07	6.27931030913344e-06
POMGNT2	26.2384289916718	1	3.01757452383023e-07	6.4738013442953e-06
MPRIP	33.0884051134285	3	3.08530631464905e-07	6.58697920962452e-06
SBF2	29.8023985651847	2	3.37669144734938e-07	7.17424588668723e-06
TOM1L1	26.0089482937988	1	3.39838558736009e-07	7.18562491019697e-06
EMID1	29.3374654638702	2	4.26039943096541e-07	8.96518502267267e-06
PTBP1	37.6319275015758	5	4.4732738089863e-07	9.36831343424844e-06
PPIL2	42.2108413060241	7	4.73577107401925e-07	9.87105269361926e-06
RGS3	29.1004794282813	2	4.7963534765582e-07	9.95017103297309e-06
GABBR1	34.7388868280841	4	5.25584524390574e-07	1.08522100388251e-05
EMC10	25.0300107697614	1	5.64448890937926e-07	1.16002159922664e-05
RCBTB2	28.7209998696599	2	5.79847943109726e-07	1.18612616455655e-05
ATP6V0A1	24.8886694325411	1	6.07383639277837e-07	1.23670057664071e-05
PPFIA1	31.3528279587813	3	7.16376144368056e-07	1.45189966955332e-05
MAST2	24.5335554226006	1	7.30269278511041e-07	1.47326802150989e-05
MSRA	27.9874077919044	2	8.36780626365875e-07	1.68043890171558e-05
YWHAZ	27.95177711836	2	8.51821738449569e-07	1.70286909350055e-05
POLD1	40.7819826226005	7	8.91474588465611e-07	1.77407476926324e-05
IPO5	33.5525001004862	4	9.20465100420834e-07	1.82351599623911e-05
DOCK4	30.7548646097355	3	9.57308947539239e-07	1.88800213061775e-05
PRICKLE1	33.4086280501681	4	9.85116740058675e-07	1.93417117088306e-05
EVI5L	23.9250204242492	1	1.0016149501322e-06	1.9578233558584e-05
ASTN1	27.4860185017806	2	1.07519421144763e-06	2.08697880441839e-05
TPM1	27.4823262931293	2	1.0771809654456e-06	2.08697880441839e-05
ADGRG6	23.6219158652933	1	1.17244566105452e-06	2.2615859725078e-05
GIT1	27.1052166509513	2	1.30069954657743e-06	2.49802471871072e-05
SRSF5	35.2309874897983	5	1.35308753504013e-06	2.58733868656804e-05
KIAA1109	39.8194349291718	7	1.36301638709755e-06	2.59504158894157e-05
SLC35B2	35.1531224548216	5	1.40240076084113e-06	2.65851661473245e-05
COQ10A	23.1833314257212	1	1.47268305773054e-06	2.77976827806821e-05
NDUFA10	32.5068917193266	4	1.50693318436402e-06	2.83226160035597e-05
DTNB	32.42740926367	4	1.56441472061752e-06	2.92778550692589e-05
RNF40	22.9148875537637	1	1.69335241291956e-06	3.15566267458484e-05
EML1	26.5436822321708	2	1.72231521662098e-06	3.19609380704603e-05
ITSN1	26.5249588379932	2	1.73851471907589e-06	3.21259988844361e-05
ADAM15	32.0543048584291	4	1.86482534581578e-06	3.43159074096142e-05
NUP54	26.2687460695515	2	1.97612434146494e-06	3.6117348241961e-05
ZFYVE21	26.2656909699253	2	1.97914527656039e-06	3.6117348241961e-05
AP3B1	25.9653429119135	2	2.29983895750484e-06	4.16851040798471e-05
FAM13B	22.3239166889732	1	2.30320152146495e-06	4.16851040798471e-05
MPST	22.2012387173718	1	2.45515344909909e-06	4.42531347095811e-05
SUN1	36.1839024724859	6	2.53878479494412e-06	4.55737776659765e-05
ZNF266	28.7259612374055	3	2.55689102743558e-06	4.5712222514885e-05
ZDHHC13	25.5732756231446	2	2.79791010212026e-06	4.98186584175096e-05
OCIAD1	31.1723521128235	4	2.82329341814609e-06	5.00679211814778e-05
SH3GLB2	21.9205925432999	1	2.84168166866764e-06	5.01916304369488e-05
SLC37A4	25.4832410139333	2	2.92674256202555e-06	5.14872551511534e-05
COQ8B	44.2220811353377	10	3.00266616712812e-06	5.26124533985238e-05
APBA2	33.3593596498285	5	3.1929654882253e-06	5.57248500683129e-05
CYRIB	33.3375616632002	5	3.2249761334361e-06	5.60610475685848e-05
CD63	25.0558094002558	2	3.62409955139929e-06	6.2751141051394e-05
KIF21A	27.3699440365115	3	4.92432192588383e-06	8.4930069921714e-05
DUT	20.6857508457863	1	5.41172276713102e-06	9.29717059759463e-05
MYT1L	52.0103011828842	15	5.62638839199464e-06	9.6283486957169e-05
PHF14	23.9790914341334	2	6.20878261749412e-06	0.00010583808508426
VPS8	26.8533318607138	3	6.31924829429006e-06	0.000106930847343325
LPIN2	20.3882988332306	1	6.32151439501239e-06	0.000106930847343325
SGCE	40.2595531906745	9	6.81830804189577e-06	0.000114892409073784
HNRNPA2B1	54.7870797413598	17	7.41308504151806e-06	0.000124437969513727
CLIP2	20.0105058006093	1	7.70178552769041e-06	0.00012879259601058
UBAP2	28.9368197105159	4	8.05183948740296e-06	0.000134136326006054
SLC25A44	19.8949200017596	1	8.18174433268447e-06	0.000135786081415646
UGP2	23.2375069053269	2	8.99579373491377e-06	0.000148453028435441
STRAP	19.7100750353711	1	9.012496269273e-06	0.000148453028435441
TMEM63B	19.5058735821856	1	1.00290827735668e-05	0.000164328413015843
ZNF484	19.5017017027207	1	1.00510102549481e-05	0.000164328413015843
ITPRID2	30.8307274024869	5	1.0116376563474e-05	0.000164784533800588
ALDOA	19.0197030821055	1	1.29375626828693e-05	0.000209960888115348
TMEM237	22.2627405321878	2	1.46456050207428e-05	0.000236806510592746
EEF1B2	22.2397058053401	2	1.48152588835525e-05	0.000238672192563603
CTNNA1	18.6861206644135	1	1.54100104307643e-05	0.000247347539687962
SACM1L	18.5084370565401	1	1.69153842133444e-05	0.000270523126437414
BAG6	29.5746809674965	5	1.78816394771466e-05	0.000284940037755401
HERC4	24.5560832720168	3	1.91182249827648e-05	0.000303544958390611
ADGRB3	21.6566652826978	2	1.98296425493013e-05	0.000313707798315924
DTX3	24.4722948008202	3	1.99046253358281e-05	0.000313765384326064
WDR1	21.6036773045489	2	2.03620302784146e-05	0.000319829318444526
ROBO2	26.809463836099	4	2.17222134431597e-05	0.00033997969652319
SMAP1	21.4119887338188	2	2.24101995225421e-05	0.000349503750000497
CDIP1	17.8301180712265	1	2.41529726564873e-05	0.000375352557396577
ARHGEF7	24.0037474472017	3	2.4935017594145e-05	0.000386141575278345
DENND5A	30.9418682438154	6	2.60053702966437e-05	0.000401303924788207
TRIM46	23.774243605576	3	2.78429706817807e-05	0.000428158689015635
KLHDC8A	20.8970775445287	2	2.89906042380944e-05	0.000444253231495258
TPP1	20.8706280900637	2	2.93765434167953e-05	0.000448604298427312
ZSCAN32	17.3371892351838	1	3.13001093150829e-05	0.000476324846947179
C2CD5	17.2983201334046	1	3.19469149906757e-05	0.000484491490099971
CHN2	17.2211028065585	1	3.32719876966493e-05	0.000502852927456576
PAPOLA	20.4150404656557	2	3.68918376668121e-05	0.000555651719378903
MIB2	27.7488308183122	5	4.07532484540639e-05	0.00061171599556646
CRYL1	20.2028962129689	2	4.10201107063857e-05	0.000613627370362871
FIG4	33.9098056416951	8	4.2184083999295e-05	0.000628900343826778
PANK1	20.1210946204428	2	4.27326492603783e-05	0.000634926322456566
MOV10	22.843942423994	3	4.35233718487654e-05	0.000644497607376667
LARP7	22.7408955836954	3	4.57292056295751e-05	0.000674889417311649
GAL3ST4	16.5307182771517	1	4.78682608538768e-05	0.000704095689750335
EHMT2	27.3707313075756	5	4.83004598243613e-05	0.000708084741025136
CCNJ	16.4902181119173	1	4.8901719140821e-05	0.00071451747767884
DIAPH1	19.7933117111197	2	5.03427543125267e-05	0.000733137196908915
EIF4A2	24.9648369662173	4	5.11354797857365e-05	0.00074222389471178
NDUFV1	22.4404130581352	3	5.28179100626238e-05	0.000764122264655985
UBE2I	22.2493378904401	3	5.78846109610238e-05	0.000834677111496992
ATP2B1	16.1600857813305	1	5.82077967278779e-05	0.000836594411794794
SUPT20H	26.7904400888747	5	6.26599427268001e-05	0.000897649602972204
CERS5	15.9580146999069	1	6.47629931463266e-05	0.00092476507745956
VAC14	15.9280787101707	1	6.57953599571111e-05	0.000936465997059464
PPP6R3	21.9697585707672	3	6.61830899069756e-05	0.000938945901325416
NHLRC3	19.1648092755861	2	6.89309942034236e-05	0.000974786213847772
UBE2D3	24.279143390786	4	7.02153732777209e-05	0.000989766704087873
GSN	15.7972394280132	1	7.05053034963741e-05	0.000990678353920298
COASY	15.7369387335311	1	7.27887742941963e-05	0.00101950646288495
PIK3R1	21.7640384711158	3	7.30366659193009e-05	0.00101973097369234
BCAR3	18.997553479414	2	7.49434491847613e-05	0.00104304205542589
AREL1	21.618475673275	3	7.83088796082201e-05	0.00108644306787682
TRIM47	15.5685474195121	1	7.95672302874322e-05	0.00110042980756015
TMCC2	26.1502072895553	5	8.34448828486184e-05	0.00115044073595054
CHD3	23.8923273503365	4	8.39437041733116e-05	0.00115370128423195
DLGAP4	21.384661654698	3	8.75821543501713e-05	0.00119995736707805
SEPTIN3	15.377295508064	1	8.80398244242934e-05	0.00120248182552187
SBF1	25.9449928446468	5	9.14548601402952e-05	0.00124225349545027
DNMBP	15.3041213571224	1	9.15166285870595e-05	0.00124225349545027
CC2D2A	18.5897795871697	2	9.18926239441583e-05	0.00124351926186587
DAZAP1	23.4938413367229	4	0.000100874746727451	0.0013608807856053
UBP1	14.991437999395	1	0.000108000080117196	0.00145255153625513
TAFA5	14.9605363925621	1	0.000109783296530418	0.00147203334799018
KCTD13	18.1822533088921	2	0.000112661066901072	0.00150602848702406
RBCK1	20.8315773273694	3	0.000114104087724231	0.00151773851048067
FDFT1	20.8293205225873	3	0.000114227250334038	0.00151773851048067
LDB2	20.7445565327398	3	0.000118950269134376	0.00157573278208731
SCFD1	31.3327705441916	8	0.000122574264515059	0.00161886370972141
HTATSF1	14.7156107959745	1	0.000125007001371308	0.00164605027554195
CTNND1	27.3300500511591	6	0.000125575628411221	0.00164860183209717
AP1B1	14.6139118958722	1	0.000131936952601814	0.00172696046887732
OBSL1	17.8566367845051	2	0.000132580786055691	0.00173023827024607
OS9	20.5080564572927	3	0.000133181236216607	0.00173293218012023
OSBPL1A	14.5745591550328	1	0.000134721178458756	0.00174779865150918
FLNA	22.8063437583698	4	0.000138419774925759	0.0017905005003632
MIS12	14.5061550391714	1	0.000139702341040022	0.00180179148356017
CNP	14.4169182735768	1	0.000146480400951987	0.00188243984836271
MAPK10	38.1193461925159	12	0.000146811475213372	0.00188243984836271
RBFOX2	20.1717134353407	3	0.000156385989186052	0.00199937668732632
EPS15L1	24.7235772962549	5	0.000157541535950542	0.00200831210176952
LANCL1	20.1384712158942	3	0.000158887338095256	0.00201961419925704
MAGED1	22.4854803180206	4	0.00016040526517647	0.00203303272693405
SATB2-AS1	19.8884197980383	3	0.000179024103060036	0.00226249426798286
NAPB	19.7871232354937	3	0.000187886995633952	0.00236769915988
NONO	33.8977063610873	10	0.000192212905061031	0.00241529244702404
PLPPR4	13.8799788647834	1	0.000194863263690588	0.00244162003906327
ABHD16A	13.8271697898017	1	0.000200417021012823	0.00250407402958635
KIFC3	13.751120092256	1	0.000208696337440422	0.00260013170556083
ATP2B4	13.7392262401004	1	0.000210021996388486	0.00260925632801289
P4HB	29.9817945003088	8	0.000212950530808451	0.00263818713942413
NIPA2	13.6794157299209	1	0.000216818055935305	0.00267855564607717
DNAJB2	13.620681857587	1	0.000223707422738612	0.002755925056595
RGMB	13.59925739451	1	0.000226275017590079	0.00277976962950047
MZF1	13.4403626318494	1	0.000246268014197836	0.00301695466975511
MIA2	19.1421701278086	3	0.000255502959956839	0.00312139449413938
GCA	16.5206428441904	2	0.000258575865867037	0.00315018464842999
PAIP1	16.4863016336485	2	0.000263054107022032	0.00319588939967651
ZFP69B	16.4737693173859	2	0.000264707620832837	0.00320711877802428
SDF4	16.4591589244419	2	0.000266648442421027	0.00322175782903207
MSL3	27.4852577322144	7	0.000272473836387622	0.00328312310255551
ADCYAP1R1	13.2424085221339	1	0.000273686020333202	0.00328871890006946
RAPGEF4	16.32701587815	2	0.000284861363737137	0.0034136792308336
ARHGEF3	13.0961562422253	1	0.000295902305948044	0.00353635418902037
SDC1	13.0896247872472	1	0.000296935822436779	0.003539088745466
CADPS	23.2390153642079	5	0.000303834375386443	0.00361152319716102
GPM6B	13.0188154776961	1	0.000308376813116704	0.00365563672260718
WNK2	25.0114550816729	6	0.00033979105835928	0.00401257297560574
CDC7	12.8343621946879	1	0.000340311441541824	0.00401257297560574
FXYD6	12.7523808184269	1	0.000355556291508201	0.0041811138236713
CAMSAP1	12.5631698006137	1	0.000393423856428439	0.00461407498819273
EGFL7	12.5466780160921	1	0.000396911282724258	0.00464259526973746
AIMP1	18.1834153529247	3	0.000403150501792576	0.00470306606600464
SKP2	18.1574703231896	3	0.000408150710892546	0.00473756249320418
HENMT1	15.6051705162065	2	0.000408677076370054	0.00473756249320418
SIRT2	12.4890733525099	1	0.000409339187680215	0.00473756249320418
BHLHB9	18.1334852762575	3	0.000412828026876602	0.00476540068819763
ZXDC	12.4340264635262	1	0.000421582017345444	0.00485371128870488
MPP3	12.4191249704508	1	0.000424959309804245	0.00487981995957982
CAPRIN1	20.2788300924185	4	0.000439916631703385	0.00503842017247783
ZNF630	15.4455943039511	2	0.000442620793115755	0.00505622402109893
KPNA2	15.4151260030849	2	0.00044941536824654	0.00511253286673301
AAAS	15.4130816140359	2	0.00044987499304813	0.00511253286673301
EPHA7	17.9169457991961	3	0.000457542640015119	0.00518626940924354
KCNQ2	12.1856966145722	1	0.000481573517023223	0.005444628092206
VAMP1	12.1734025731478	1	0.000484757966356777	0.00546657829753104
RTKN	15.1621371980485	2	0.000510015929191795	0.00573670091198341
RNF182	15.1123601336596	2	0.000522868757627193	0.00586626733684794
AFAP1	15.0831487008285	2	0.000530561673942341	0.00593743064121734
PIK3R3	11.9884387218617	1	0.000535316198806786	0.00597543310241686
PPP3CB	14.9961116774712	2	0.000554160701297872	0.00617012345394441
NDRG4	19.729298611981	4	0.000564745726218446	0.00627210026239577
RALGAPA1	17.391576937068	3	0.000587059892634535	0.00650349976777503
ACTR3B	11.7202519048815	1	0.000618235853380533	0.00683166151549644
RBBP7	14.73883270841	2	0.0006302359063125	0.00694681081694831
ACTN1	14.5808529324846	2	0.000682037124915557	0.00749899818844654
SEZ6L	17.0635611596954	3	0.00068578468309065	0.00752139909284957
TTN-AS1	14.5526339334168	2	0.000691728537121295	0.00756771668223745
TEDC2	17.0321725284998	3	0.000696055952838937	0.00759616397167653
COG1	11.4429884083129	1	0.000717642810125491	0.0078123591062671
RIMKLB	14.4699693244133	2	0.000720918357481533	0.00782863934865131
DCLK1	11.4269797627344	1	0.000723852544416851	0.00784114160183574
UVRAG	11.4023564379888	1	0.000733510044416401	0.00792623384605241
LUC7L3	11.3850254897216	1	0.000740385369625787	0.00798091876376032
PHACTR3	19.0759199676568	4	0.000759404481078306	0.00816591908993249
CTPS1	21.0904622595481	5	0.000778791652000927	0.008337798591326
NRXN1	16.7938858069866	3	0.000779180359489538	0.008337798591326
TMEM53	16.7547772647515	3	0.000793735304292743	0.00847293171912496
CANX	14.2694703563943	2	0.000796936801184423	0.00848650859953775
CANT1	11.224066751638	1	0.000807433665160712	0.00857704550598734
RNF145	14.2385848445774	2	0.000809339218959696	0.00857704550598734
FCHSD2	11.1253374269852	1	0.000851563832581198	0.00900283109541372
ZNF34	11.0865701322346	1	0.000869551655294402	0.00917095486806902
SRRM1	13.8408448604287	2	0.000987412739443105	0.0103890938470593
SLC44A5	10.840489139862	1	0.000993044968429873	0.0104082801296397
EPN2	10.838766113131	1	0.000993969453035171	0.0104082801296397
KITLG	10.7927689542402	1	0.00101897347714969	0.0106447633076112
FKBP1A	18.4184948396469	4	0.00102204117386906	0.010651509674588
CIBAR1	10.7791876394158	1	0.00102647721570415	0.0106724510512218
MINDY3	10.7592253419307	1	0.00103760804300287	0.0107504351363033
TINF2	13.7392500992446	2	0.00103886651499066	0.0107504351363033
KAT5	16.1487722415932	3	0.00105705745676644	0.0109130016311239
PALM2AKAP2	10.7200889631619	1	0.00105978576707722	0.0109155452075073
SRPK2	10.706678591818	1	0.00106749492241466	0.0109692585719152
ZSCAN30	10.6863103254594	1	0.00107931258031069	0.01106484085829
FMNL2	10.6553961674704	1	0.0010975023341105	0.0112251517800418
GDAP1	29.2424268315808	10	0.00113824915340046	0.011614895073446
RABL2B	20.206103955139	5	0.00114317353725109	0.0116289077912362
RARS2	34.1427185093999	13	0.00114491065793663	0.0116289077912362
CPSF4	10.4953997887901	1	0.00119672118025765	0.0121271422828875
WNK1	10.4694461045271	1	0.00121365101558881	0.0122704302679531
ARFGAP2	13.3869489837962	2	0.00123897049286886	0.0124976885954983
XRCC3	10.4196832139255	1	0.00124679278956464	0.0125478139325064
DLL3	10.3783409090202	1	0.00127502217129441	0.0128026198843671
TOP3B	13.3220620083994	2	0.00127982618377185	0.0128215844105435
EPB41	10.359684910826	1	0.00128797185695847	0.0128738641520531
ACSL4	13.2774822276506	2	0.00130867367848309	0.0130511266167089
RCC1	13.2692007384044	2	0.00131410379658821	0.013075630084604
IRF3	10.3050082617127	1	0.00132669659085908	0.0131711322948041
SLC6A9	10.298537286822	1	0.0013313569833514	0.0131876306594132
PIGG	17.8181438541937	4	0.00133928253067204	0.0132363248761699
BTN2A1	15.5388152672258	3	0.00140956274763458	0.013899679291697
ZNF48	10.1047863165238	1	0.00147884739026559	0.0145502702961702
RUNDC3A	10.0848418040223	1	0.00149493996435248	0.0146757722393352
BMERB1	10.0599710166861	1	0.00151525610236015	0.0148420853857014
SMARCAL1	10.0460660599874	1	0.00152673624543725	0.0149213022387401
CMPK2	10.0345401975818	1	0.00153631891913118	0.0149816643156074
RAB11FIP5	9.97614230349916	1	0.00158581582208977	0.0154301282866168
POLDIP3	9.88520680959482	1	0.00166612804022497	0.0161757861388729
ZNF771	9.85837156633909	1	0.00169060682752637	0.0163772881662136
ING3	12.7042046811657	2	0.00174307873633275	0.0168484841371241
MRPS24	9.78713061152871	1	0.00175737481389952	0.0169494176130046
ARNT2	9.76657846786748	1	0.00177712872018892	0.0171024335041376
E2F4	9.7153753614657	1	0.00182732754243029	0.0175471321650838
DERPC	9.7090344381977	1	0.00183364329886307	0.0175694187982566
CAMKV	14.9015148628278	3	0.00190277499944269	0.0181921835816281
BCL7A	9.63562145913602	1	0.00190839623987446	0.0182063485096917
SPHK2	9.59484996079823	1	0.0019512386794635	0.0185747785980097
PDHA1	20.7788859925477	6	0.00201016786456146	0.0190787826995436
KIAA0895L	16.9094246156619	4	0.00201285929344889	0.0190787826995436
WBP1L	9.51586535778551	1	0.00203703023383135	0.0192663633728823
PTPRK	12.3615698848877	2	0.00206880332560456	0.0195248863219074
BCAT2	9.47927431049936	1	0.00207806151773187	0.0195702667130295
SLC25A14	9.44442975962443	1	0.00211791338129557	0.0199029552370468
GSDME	18.7114046981233	5	0.0021750890018778	0.020396676823579
ARHGEF6	9.3758627541531	1	0.00219861203229329	0.0205733951447359
MARF1	9.37053350569579	1	0.0022050133323192	0.0205894875489169
TCAIM	14.574933888287	3	0.00221840151667192	0.0206706141320404
NCAPH2	9.32529920471643	1	0.00226011412541548	0.0210147609377956
DAB1	9.24965883026334	1	0.00235539302355574	0.0218544694464096
RNF6	9.2202854641323	1	0.00239348225005757	0.0221354362806666
KCNIP1	12.0681256397677	2	0.00239574071614309	0.0221354362806666
MAGED2	12.0317319882015	2	0.00243973465363517	0.0224946603913784
ZNF219	9.10548414340087	1	0.0025484425494367	0.0234013956367567
GIT2	11.9443283790088	2	0.0025487195338805	0.0234013956367567
UBE2L3	11.9143990583616	2	0.00258714706632767	0.0237047349952272
SCMH1	14.241705734308	3	0.00259394620693891	0.0237176204118863
ZNF182	9.06580785544975	1	0.00260433448896407	0.0237632014159004
VPS26B	9.05810193581783	1	0.00261533329206673	0.0237893095315329
ACLY	14.2220130972491	3	0.00261801405485719	0.0237893095315329
HDAC1	8.95479247723824	1	0.00276742622150921	0.0250951350973145
MATR3	18.1300734629149	5	0.00278772731640323	0.0252272113941181
HSD17B4	16.0963268738578	4	0.00289259390346854	0.0261224393992909
ST3GAL3	26.635975285275	10	0.00297272716458064	0.0267910944053804
TMEM229B	8.81753517783204	1	0.00298349401856202	0.0268331425227725
L3MBTL1	11.61158842443	2	0.0030100631745621	0.027007811277231
B4GALT4	8.79824971233529	1	0.00301519675696235	0.027007811277231
RSRC1	11.5856188551868	2	0.00304940305377153	0.027258688273348
OLFM2	8.73875892219985	1	0.00311516471248868	0.0277900495041079
MCM7	13.820149995775	3	0.00316046721142648	0.0281371149713637
NOMO2	8.67930752032225	1	0.00321843251856381	0.0285952852861488
CSK	11.4621352413785	2	0.00324361243665002	0.0287609022104572
NDUFS2	29.514518063751	12	0.0033023652534004	0.0292229424234506
DLGAP1	15.7873068858316	4	0.00331825738843874	0.0292702896374255
TMEM263	8.62091536528146	1	0.00332324801463567	0.0292702896374255
CDC42SE1	11.4082346470677	2	0.00333221735725988	0.0292702896374255
AKAP7	11.406962705978	2	0.00333433722336293	0.0292702896374255
NCBP2	15.751383282528	4	0.00337157468717407	0.0295382180760788
DNM3	8.58617556716658	1	0.00338724645888551	0.029616520727989
ATP9B	8.57066578425156	1	0.00341622210440899	0.0298106047920451
RBM4B	11.334299158947	2	0.00345770716215199	0.0301128635626623
MACROD1	8.50640827995346	1	0.00353897910016024	0.0307597432460568
SLC39A13	8.47943510084792	1	0.00359183620026951	0.0311575850271899
ATP5MK	8.47067655143053	1	0.0036091717021947	0.0312463329650636
KIT	15.5813900302373	4	0.00363552685978586	0.0314126662658904
CTNND2	11.2125862413129	2	0.00367466568451102	0.0316885876087833
MUTYH	13.4886188183777	3	0.00369071668959863	0.0317647201582285
MYD88	17.456338994285	5	0.00371092068017159	0.0318296338595508
CLASP2	15.533958324977	4	0.00371273355387666	0.0318296338595508
GUCD1	11.1844219161085	2	0.00372677899705826	0.0318878872160744
SNAPC3	11.1769938082725	2	0.00374064619100616	0.0319443921321263
CHD1L	17.4010853204918	5	0.00379871377348059	0.0323774092553637
MIA3	8.30586631012488	1	0.00395172285551738	0.0336163967477088
SEPTIN7	13.2999557412734	3	0.004030858742784	0.0342233914107414
UBTF	11.0139525523296	2	0.00405836020980307	0.0343904975004121
CLIP1	10.9839782972348	2	0.00411964143965721	0.0348146875863984
MTMR14	10.977924943365	2	0.00413212915198494	0.0348146875863984
CDC16	10.9779070147888	2	0.00413216619374715	0.0348146875863984
PHF20L1	15.2834432016239	4	0.00414803820376452	0.0348815908607196
GAK	8.20928031251333	1	0.00416766779706069	0.0349797766631163
MRFAP1	8.19776631240529	1	0.00419419945600987	0.0350913933371241
CTTN	8.19583154595603	1	0.00419867457123844	0.0350913933371241
NIF3L1	8.19314215667362	1	0.00420490320342528	0.0350913933371241
EPB41L2	18.8850912017144	6	0.00436216219820912	0.0363348283100828
USP54	10.8556573876522	2	0.00439262318533524	0.036519388977513
HARS2	10.8393308509367	2	0.0044286281061631	0.0367492573790666
HMGN2	8.06926827703137	1	0.00450222942057498	0.0372896515851012
GPBP1	12.9768234233925	3	0.00468699512381347	0.0387470010423527
PGM3	12.9421371242738	3	0.00476342286215524	0.0392762868930456
RPN2	7.96506393057462	1	0.00476888067323473	0.0392762868930456
CBR1	7.93148831034591	1	0.00485818202486632	0.0399369804586207
ZCCHC17	12.8845298882907	3	0.004893088273758	0.0401488847537084
FGD5-AS1	12.8477558024151	3	0.00497768116047523	0.0407669306215457
GPM6A	12.8224215116934	3	0.00503679873349241	0.0411744253343859
PNKD	16.711513326406	5	0.0050806982314465	0.0414562352910978
MAFF	7.83365971486535	1	0.00512821638406134	0.0417664734390774
AMZ2P1	21.8802795154245	8	0.00514254413029396	0.0418057469224267
C12orf4	7.80042769340207	1	0.0052233869391318	0.0423846047201138
STARD3NL	12.6739244704349	3	0.00539754740339642	0.0436936968557725
LINC02762	14.6797251648331	4	0.00541373604513161	0.0436936968557725
DUS3L	7.73551183496897	1	0.00541452132478309	0.0436936968557725
KCTD18	7.68866256888828	1	0.00555687918092162	0.0447603564792918
CAND2	7.58802514037632	1	0.00587572804189276	0.0472421424647977
NDUFA5	14.4770682942825	4	0.0059182663822452	0.0474812275359217
PTPN5	12.4702114427073	3	0.00593433074622747	0.0474812275359217
DNAJB1	16.3398636780694	5	0.00593785246583832	0.0474812275359217
MEST	14.4502681852464	4	0.00598834922659832	0.0477981123386196
ENSG00000216775	7.53810979976788	1	0.00604073821746524	0.0481289251456742
NIBAN2	7.52954820178024	1	0.0060695126835477	0.0482707355917591
BCOR	14.4035700857257	4	0.00611241564839907	0.0485241949849442
MAN2C1	10.1759692019536	2	0.00617044326926512	0.0488965936905009
NCOR1	17.9946605398354	6	0.00624555253934205	0.0494027699065222
CADM3	7.46471539998765	1	0.00629199776767157	0.0496808010452775
PARP6	12.3223348239999	3	0.00635672787281251	0.0501019519437803
KDM5B	21.2902781947314	8	0.00641502428789877	0.0504709782078333
TMEM185A	12.2743119420466	3	0.00650019186635023	0.0510497211218006
TIA1	10.0576213871236	2	0.00654659184630222	0.0513224793940057
JMJD6	14.2014476788759	4	0.00667911076799283	0.052180788249835
POLR3H	12.2156441078769	3	0.00667980531711167	0.052180788249835
NOMO3	12.2087374074727	3	0.00670127047678132	0.0522556516966032
CXXC1	12.1726739573878	3	0.00681446320709467	0.053044264043898
DNAJC5	7.31023726210378	1	0.00685628736958439	0.0532755333064172
GRAMD4	7.30633402022207	1	0.00687119655112392	0.0532972176928448
LINC01278	12.1410302496379	3	0.00691533851152105	0.0534807733923983
SNRPN	14.1208479157394	4	0.00691918145981688	0.0534807733923983
CYTH1	12.125141203458	3	0.00696654539943499	0.0537523976609037
GABPB1	7.24284357726401	1	0.00711841540838427	0.0548280051945254
TK2	9.85289009751315	2	0.00725223886547237	0.0557610953327753
RPS19	7.19796555875564	1	0.00729862761391837	0.056019832890075
USP33	11.989183991549	3	0.00742030356731295	0.0568107606398208
LYRM1	9.8051293072624	2	0.00742750963344633	0.0568107606398208
SNX13	7.1452316551142	1	0.00751635646042629	0.0573905133905466
EXOSC7	7.1084429405505	1	0.00767217222809692	0.058478706168406
SPIRE1	7.09565441781137	1	0.00772710725479549	0.0587785614532933
CERT1	7.09307371765476	1	0.00773824171929441	0.0587785614532933
ZNF79	7.06992381157346	1	0.00783885887656116	0.0594027103437705
NELL2	13.8330435586395	4	0.00784742489989329	0.0594027103437705
PIBF1	7.0458432774434	1	0.00794494107794053	0.0600375444343341
ARGLU1	7.03336115111597	1	0.00800050531165238	0.0603537261760672
OGG1	11.8092677031432	3	0.00806592304433039	0.0607430300495977
GRIK1	9.62193089216737	2	0.00813999717447627	0.0611167438761884
DAPK1	11.78543472294	3	0.00815550499633089	0.0611167438761884
SPHKAP	6.99862452279694	1	0.00815723707488008	0.0611167438761884
RGMA	9.60717318253364	2	0.00820028317913944	0.0612042311918493
HPS4	13.7306360119364	4	0.00820628432428477	0.0612042311918493
ZNF207	9.60464317789388	2	0.00821066312032539	0.0612042311918493
ALCAM	6.98105328455426	1	0.00823771124361651	0.0613019527063036
MEG3	11.7568840662934	3	0.00826411355153159	0.0613945462831688
SLC15A4	6.96313585279762	1	0.00832060752508597	0.0617100031961688
WDR7	6.91561046497321	1	0.00854464655237158	0.0632649083120037
MAPK8IP3	6.89163603866757	1	0.00865999732915254	0.0640112071489292
PNPLA6	11.6377834038226	3	0.00873279381491159	0.0643614751995585
FUBP3	9.48045618756123	2	0.00873665318193188	0.0643614751995585
ATP5MG	6.86567900873524	1	0.00878668543559115	0.0646218102771402
RUFY1	9.46347771822366	2	0.0088111363863987	0.0646934521325233
ADGRG1	13.5604122959894	4	0.00883863069590508	0.0647826835860886
RDX	11.608314703386	3	0.00885274962147322	0.0647826835860886
TMUB2	9.43623177474274	2	0.00893199158278065	0.0652539850183875
ST6GALNAC6	11.5768157077134	3	0.00898276857825453	0.0655161131130405
TSC22D3	9.41549140586631	2	0.00902509992381928	0.0657158765976112
NGLY1	13.5003870111473	4	0.00907278782797763	0.0659539187891663
HECTD1	15.2696202305233	5	0.00927032628230528	0.067278704603265
VCPKMT	9.35493344294264	2	0.00930255001290637	0.0674013425976313
MAP4K3	9.33978133093888	2	0.00937329429571537	0.0678022176193359
UBXN11	9.32516142367348	2	0.00944206368670593	0.0681875141118763
IVNS1ABP	11.4524073750072	3	0.0095149692044492	0.0686013681330616
NPEPPS	9.29080491729337	2	0.00960566299950513	0.0691419081371908
SRSF1	6.69283630311736	1	0.00968010773596263	0.069563911475104
IKBIP	6.68326732882593	1	0.00973220731398026	0.0698242214794212
NIFK-AS1	6.65959104830459	1	0.00986235460355927	0.070642728903019
TRMT6	6.65451170389615	1	0.00989050707933484	0.0706979621959283
KANSL1	11.3661270148626	3	0.00990221571457296	0.0706979621959283
HM13	9.20504449552254	2	0.0100265144711167	0.0714693851604069
PRIM1	6.59189402724485	1	0.0102444123784934	0.0729044104217054
G6PD	14.9881424207406	5	0.0104131238443059	0.0739853290262639
LAMTOR2	6.5333885208903	1	0.0105868088747213	0.075098041017781
ALG2	6.48294524048652	1	0.0108914366012561	0.0771345220166256
MAPRE2	9.01985954394513	2	0.0109992326030925	0.0776351752906444
SCRN2	9.01853699552953	2	0.0110065085173406	0.0776351752906444
CALM1	6.46288179282419	1	0.011015086262247	0.0776351752906444
PLK1	6.4595463356456	1	0.0110357816530895	0.0776361971685281
PDZD4	9.01055260441626	2	0.0110505364773758	0.0776361971685281
LBR	6.45235684484578	1	0.0110805258083276	0.0776485407375282
MIR100HG	22.9089736917958	10	0.011087604270843	0.0776485407375282
SPSB3	11.1092452326775	3	0.0111495770650217	0.0779584100667177
DNAJB6	8.93368670158816	2	0.0114835081040664	0.0801658232407685
AP4B1	6.37293860113988	1	0.0115873559168675	0.0805421888943438
SNAP47	12.9360963784853	4	0.0115922963317516	0.0805421888943438
C19orf12	6.37217216110321	1	0.0115923614302227	0.0805421888943438
HSPA12A	11.0137939013496	3	0.0116515200910221	0.0808255289594879
HAUS5	6.3552369947347	1	0.0117035308753944	0.0810584705354085
SHMT1	6.30712718413976	1	0.0120253539281814	0.0831564568807264
ZNF595	6.28872893047475	1	0.0121508159415441	0.0838921326701901
CBLN2	8.80588607525101	2	0.0122412603475791	0.0842813951661129
NIPSNAP2	8.80518970595949	2	0.0122455233085826	0.0842813951661129
PSMA1	6.26806644223507	1	0.012293322296913	0.0844781741590992
TAFAZZIN	8.76852780208247	2	0.0124720654305962	0.0855727671821565
NFXL1	8.76481347326489	2	0.0124952496283879	0.0855982988561526
AADAT	8.73576233440713	2	0.0126780748500756	0.0867156659263335
TTC31	8.7300434528961	2	0.0127143789339555	0.0867665962112507
RNF10	6.20694871412616	1	0.0127249782983758	0.0867665962112507
NAXD	12.7130717812543	4	0.0127662956183963	0.0868679210723509
AAR2	17.8261811043267	7	0.0127793417311985	0.0868679210723509
VDAC1	8.69813505794264	2	0.0129188534222794	0.087680736653063
SECISBP2	8.68085334801208	2	0.0130309670422102	0.0883053822059173
TAF5	8.65215263010396	2	0.0132193142898617	0.0894439142258644
HDLBP	10.7212516454856	3	0.0133327377480642	0.090072781284157
EDEM3	8.62228616300405	2	0.0134182027252297	0.0905111281987121
TAF1C	14.353333592052	5	0.0135141221262042	0.0909162534168647
MBOAT7	6.09981459250628	1	0.0135196065790426	0.0909162534168647
PMP22	8.59059314730121	2	0.013632528049081	0.0915356616181043
RAB15	8.58113142747231	2	0.0136971744254653	0.0918295321999943
CHMP2B	6.06446523435912	1	0.0137928511011323	0.0923302270057534
EZR	6.05320020236832	1	0.0138811164041589	0.0927798631390436
LIMCH1	14.2559851913976	5	0.014062578530088	0.093850106791088
MAP7D1	10.5935933892506	3	0.0141392563865472	0.0942188630121737
DCUN1D4	10.5843483623776	3	0.0141994956454918	0.0944690966459174
PPP2R5C	10.5798549918034	3	0.0142288649835578	0.0944690966459174
PCNP	8.50322539702756	2	0.0142412485393914	0.0944690966459174
AP2A2	10.5733415189097	3	0.0142715442262098	0.0945274872091425
URI1	5.99661549331222	1	0.0143333494795499	0.0947940917459558
CDK10	5.9878243461917	1	0.014404958579424	0.0951246363848451
SANBR	5.96847270583157	1	0.0145638895166344	0.0960299641591576
RAB26	5.94769413465906	1	0.0147365503584837	0.0970229767613943
SNRNP200	5.94173842787404	1	0.014786427240601	0.0972058400660137
TBK1	14.1059168669271	5	0.0149504329941348	0.0981373198629924
HNRNPF	10.4603069749319	3	0.0150325894711672	0.0985295506619873
ZNF496	8.38858671989533	2	0.0150813958159312	0.0987023494024783
GRM7	5.90001204595717	1	0.0151407812321055	0.0989437679922737
DHX35	8.36305222759074	2	0.0152751781095105	0.0996739366849067
PTPN2	5.87390068077877	1	0.0153669654525626	0.100124317126475
PDZRN4	10.4038021536217	3	0.0154278652222036	0.10037241308765
TMTC4	5.85532602009152	1	0.0155299809462133	0.100767896365793
ZNF418	5.85481647160236	1	0.0155344778844947	0.100767896365793
JADE3	5.84753880446635	1	0.0155988523853074	0.10103645477258
LTBP3	5.84053298572894	1	0.0156610819226112	0.10129035043477
PSMD13	10.3615372941294	3	0.0157301960130915	0.101587961917146
HSPA9	5.82439634602838	1	0.0158053915101604	0.101923917685756
DMAC2	8.28214535881125	2	0.0159057805470931	0.102421116905001
TNK2	8.2468479244618	2	0.0161889889508796	0.104092358780656
PPHLN1	5.77935629016974	1	0.0162154789584064	0.104110476582586
SET	8.23585908716427	2	0.016278182843583	0.104360711583204
FIP1L1	5.74836388106542	1	0.0165040206793096	0.105527052154723
FNBP1	5.74793002329574	1	0.016508097290234	0.105527052154723
PCDHA4	8.19569129627155	2	0.0166084172623564	0.106014251262472
EED	10.2357894959437	3	0.016664593176543	0.106218667812226
TMEM254	8.18335562435368	2	0.0167111718164344	0.10636140904295
ATP6V1H	8.18010892904192	2	0.0167383218890707	0.10638025963603
JTB	5.71156259741451	1	0.0168535311833717	0.106957907856376
SIGMAR1	8.15170761692661	2	0.0169777127720731	0.107402696324504
CHTOP	8.15096187115523	2	0.0169840444812148	0.107402696324504
ZDHHC16	10.1927376733538	3	0.0169968796366201	0.107402696324504
E2F3	5.69401642286641	1	0.0170228502407341	0.1074124754071
UBA3	8.1300369010678	2	0.0171626726102086	0.108016053350848
PML	13.7657903181496	5	0.0171676264875495	0.108016053350848
SSR1	8.1189563094631	2	0.0172580227834135	0.108429691716361
CAMTA2	10.1533329806261	3	0.0173067230793874	0.108580553642148
AP1G2	8.10769409222206	2	0.0173554787192403	0.108731332488916
CHRNA4	5.65448789387426	1	0.0174107579590507	0.108791507950926
CEP63	16.9971518876747	7	0.0174145569798663	0.108791507950926
PSMC3IP	5.62624900842343	1	0.017693453305798	0.110377032111914
MAX	11.9491884823965	4	0.0177331397363057	0.110467915807751
FAM111A	5.60713911242652	1	0.0178874439494159	0.111271539589153
CYB5B	8.03614857091236	2	0.0179875705347464	0.11173634916923
ZNF451	5.53694295683886	1	0.0186190804265777	0.115496072942297
SNHG29	21.3543329910121	10	0.0187538767095836	0.115979785654548
CIART	7.95230803517484	2	0.0187576423504005	0.115979785654548
PACS2	5.5222426757789	1	0.0187761726662205	0.115979785654548
IMMT	7.90812195651233	2	0.0191766674053304	0.118287494037367
ALDOC	5.47827518770112	1	0.0192542486130046	0.118342875933823
PARP11	7.89954269755344	2	0.0192591048898713	0.118342875933823
SSBP4	7.89878828777196	2	0.019266370888726	0.118342875933823
C22orf39	5.47207629480636	1	0.0193226564904561	0.118523072866145
DPH1	7.87106174493658	2	0.01953532580758	0.119496402142812
SNHG14	9.88877058679762	3	0.0195356782948344	0.119496402142812
ALDH3A2	9.86133980327259	3	0.0197823275079978	0.12083705052802
MTRR	7.83805898219862	2	0.0198603600504825	0.121145441750378
RAB3A	5.40507679722396	1	0.0200782651602935	0.122305000242342
LIN9	7.80464545007396	2	0.0201949496121198	0.12284562710111
HAX1	5.37848665091906	1	0.0203865547299271	0.123825428137525
HBP1	5.37628223397132	1	0.0204123318325843	0.123825428137525
RBM42	5.37135707232574	1	0.020470045551752	0.124004490821771
GPRC5B	7.76806055553016	2	0.0205677641121741	0.124425070928943
SYT6	9.76858314299	3	0.0206392435077072	0.12468597932266
R3HDM2	7.75380364777754	2	0.0207149042878894	0.124971397884962
TAF6	14.9334451291124	6	0.0207807265486492	0.125196760768437
YTHDC1	5.32933942501472	1	0.0209693313589503	0.126160217943452
ZNF385A	7.71789209378437	2	0.0210902159120738	0.126714166094673
CNTFR	7.70607800045673	2	0.021215165479756	0.127290992878536
SEC31A	16.4554419288488	7	0.0212659749578535	0.127422013439563
RUSC1	13.2198469016294	5	0.0214033998244344	0.128070955684167
PPP3CC	5.27708122409695	1	0.021607941683484	0.129119195005384
NLGN3	22.3669241392563	11	0.0216798383694339	0.129373038193718
CEP170	11.4389572415635	4	0.0220494404142506	0.131400323769477
UBB	5.22711929667639	1	0.0222373326220618	0.132212762256232
ZNF75A	5.22644978403719	1	0.0222458945133269	0.132212762256232
NLE1	5.22155710004415	1	0.0223085671163208	0.132406313330066
EIF4G1	17.8448042712262	8	0.0224205875586801	0.132891838386894
MED15	11.3839411037479	4	0.02257161423922	0.133438637995091
MTFR1	5.20102901110477	1	0.0225735212979417	0.133438637995091
UNC119	7.56644607303247	2	0.022749251470633	0.13429692344677
SDR39U1	9.51919752748563	3	0.0231280055387806	0.136323832573244
TEPSIN	5.15464317641977	1	0.0231842988307478	0.136323832573244
SORBS1	9.51374452200741	3	0.0231855904421979	0.136323832573244
NTN4	5.14586674658415	1	0.023301775183451	0.136824041731399
RNMT	9.49187768960337	3	0.0234179253473218	0.137322714236695
PRKAB1	7.50126465949108	2	0.0235028795864438	0.13763736940237
CALD1	5.11626410028384	1	0.0237025921412146	0.138622340740774
MYC	5.11269977863049	1	0.0237513327079413	0.138722923306143
SYS1	5.1067478612199	1	0.0238329544877114	0.139015031613998
KMT5B	11.2514146850388	4	0.0238791351487688	0.139099915740775
CYFIP1	5.0943991214981	1	0.0240032286596912	0.139559744988741
CDK14	5.09307664695916	1	0.0240215386440374	0.139559744988741
BAALC	5.09065428587019	1	0.0240551144147137	0.139570439572442
ABCB6	7.45173945595889	2	0.0240921377059584	0.139601082517529
INTS11	9.42100965221471	3	0.0241867041494791	0.139964637959749
FOXM1	7.43897560356686	2	0.0242463836201994	0.140125617820811
ST6GAL1	5.06955280368948	1	0.0243496646121608	0.140537828037117
AK6	5.05546083258813	1	0.0245484529808261	0.141499470785941
GPR146	5.05293474485734	1	0.0245842648770437	0.141520414828846
ETV1	5.04586760516142	1	0.0246847427914457	0.14188818089469
HERPUD2	5.04390825881228	1	0.0247126754355009	0.14188818089469
ERAP1	5.02988463356638	1	0.0249135579029286	0.142855055615489
CCP110	7.3505998023752	2	0.0253418043457617	0.145121426448776
SLC16A14	4.98935963227268	1	0.0255036452168451	0.145858298652386
ZNF747	7.33296504921259	2	0.025566240593299	0.146026397570557
RAD51C	4.98153424621404	1	0.0256192532899792	0.146139398144395
PRPSAP2	7.32237591207922	2	0.0257019617826342	0.146377222649876
BAX	4.97423958577508	1	0.025727510938689	0.146377222649876
TVP23B	7.31619134386801	2	0.0257815625612187	0.146495235328475
RMC1	4.96666997082502	1	0.0258403516056434	0.14663982756338
ZNF567	7.30789268950275	2	0.0258887609463493	0.146725219899542
ZFP90	7.29374000854887	2	0.0260726083495693	0.147577003245052
COX4I1	4.94528402795549	1	0.0261619399147152	0.147892303014033
DNALI1	7.280875869684	2	0.026240849666642	0.148050144480728
OTUD5	4.93683938725189	1	0.0262900678060719	0.148050144480728
CLK4	7.27706853963718	2	0.026290851032162	0.148050144480728
MAZ	11.0108695602958	4	0.0264421266923095	0.148564473174329
TRIM32	4.92568031772498	1	0.0264603818633966	0.148564473174329
PAQR4	7.26246480586997	2	0.0264835259137502	0.148564473174329
NFX1	7.25311393012089	2	0.0266076379067274	0.149070562437945
CBX1	4.89848906932457	1	0.0268802044248281	0.150406029338923
PTK2	7.22745304909313	2	0.0269512250961657	0.150540978588205
PAXX	4.89169729799528	1	0.0269861436959049	0.150540978588205
NOLC1	10.9608970474837	4	0.0270070104834229	0.150540978588205
TP53INP1	4.88680293913239	1	0.0270627558618118	0.150660759848416
MFSD1	9.16977192305956	3	0.0271167948624486	0.150770750701705
GNL3	7.20542167157328	2	0.027249752627973	0.151318702093214
PLEKHB2	9.1508772715988	3	0.027350714355045	0.151687820597085
MDK	10.9161731449599	4	0.0275224430903816	0.152447990820527
PINK1	4.83782477033346	1	0.0278419932285418	0.154024007822801
RANBP1	7.15033886972014	2	0.028010679386589	0.154762522540475
SEC16A	10.8151969906376	4	0.0287213668317101	0.158477254135552
PRKAR1B	7.09788155331808	2	0.0287550815825763	0.158477254135552
TSPAN3	9.02777513583715	3	0.028923871223494	0.158887558782796
RPL35A	7.08593335724117	2	0.0289273814146527	0.158887558782796
CAV1	4.77130328372368	1	0.0289379114563482	0.158887558782796
SCYL1	10.7793483077839	4	0.0291590229204018	0.159901973570982
CTSL	10.7718505567993	4	0.0292513695253408	0.160208621634432
MDFI	4.74920399275967	1	0.0293118505278383	0.160340197290339
SPG21	4.7411365053722	1	0.0294496102606701	0.160893647113574
METTL5	7.04124406056553	2	0.0295810291480092	0.161411124308864
FGFR1	7.01038072747971	2	0.030041054072417	0.163718160855626
SIPA1L2	4.69520468605026	1	0.0302468960854882	0.164451129562218
MAP4K4	4.69500943637357	1	0.0302503328367064	0.164451129562218
UBE2V2	4.68669122378063	1	0.0303971272662689	0.164998424580793
TATDN3	6.98491294024325	2	0.0304260396396142	0.164998424580793
SOCS2	4.67693873419603	1	0.0305701789803046	0.165372748219928
NF1	6.97277397679125	2	0.0306112714932368	0.165372748219928
GNPAT	4.67349587484614	1	0.0306315153391844	0.165372748219928
CCDC144B	8.90035559972603	3	0.0306454728965987	0.165372748219928
YME1L1	6.96144249879444	2	0.030785199217206	0.165727926602527
RAD21	10.6504369699396	4	0.03078665666991	0.165727926602527
NCOA7	4.65490310891619	1	0.0309649800708337	0.166395770703218
HMOX2	4.65371660003746	1	0.0309863884051694	0.166395770703218
MAD2L2	4.64776698940636	1	0.0310939709958304	0.166769859072758
RPP30	4.62899554527533	1	0.0314359625162554	0.168398737084642
IDH3B	6.90666065165078	2	0.0316400889166657	0.169286023181868
AATF	6.87443303430337	2	0.0321540611598499	0.171826927072928
INTS9	4.57856420636654	1	0.0323743308072446	0.172794061760027
HDAC9	6.85237350129773	2	0.0325106760205361	0.172991592415014
ADGRB2	12.1690574074441	5	0.032543313229525	0.172991592415014
VWA5A	6.84659978610728	2	0.0326046653141098	0.172991592415014
OPA1	13.7450267920833	6	0.0326177240132398	0.172991592415014
PLD2	4.56493841509217	1	0.032632847530901	0.172991592415014
LARS1	10.5108877128087	4	0.0326473446349389	0.172991592415014
OTUB1	6.82118589804668	2	0.0330216144357	0.174636472496585
SYNPR	6.81806428146592	2	0.0330731950885568	0.174636472496585
AGAP3	12.1278825588115	5	0.0330768944041963	0.174636472496585
NEK9	6.80401423951844	2	0.033306352988412	0.175637098852561
TUBGCP6	6.79654147439805	2	0.0334310310422666	0.176083442543579
CPSF6	4.49217127967768	1	0.0340504040229885	0.178942985480165
OXA1L	4.4917065521272	1	0.0340596612182401	0.178942985480165
ADGRL3	4.48988339871983	1	0.0340960031451519	0.178942985480165
VEZT	10.4024706808195	4	0.0341672799405668	0.17910333394352
CDK11B	4.48000446691617	1	0.0342936314054129	0.179551655858341
PAXBP1-AS1	6.7359252919432	2	0.0344597726305946	0.180179608158271
RYK	6.73385251871471	2	0.0344955047906468	0.180179608158271
PCNT	10.3576219247552	4	0.0348157603769001	0.18163667157486
EPHB6	11.9859572595979	5	0.0349807059520173	0.182280977223901
STX10	4.44188159462874	1	0.0350675786956971	0.182517409590149
MLST8	13.5284779174549	6	0.0353705040695899	0.183499610107135
DGKD	4.42689226921811	1	0.0353768660071054	0.183499610107135
KTN1	10.319150127089	4	0.035381461885141	0.183499610107135
WTAP	8.56285245509389	3	0.0357046700700183	0.184884042990702
SAE1	6.66339053339379	2	0.0357324776130278	0.184884042990702
MAP4K5	6.66093376649314	2	0.0357763977670393	0.184893768953512
KIF5A	4.40486862573562	1	0.0358364848769358	0.184945176908182
AP3B2	13.4908649324261	6	0.0358704492730057	0.184945176908182
HNRNPAB	8.54606006935774	3	0.0359766538827517	0.185275554773234
SPATA7	8.541653978667	3	0.0360483532907926	0.185427669909832
ALMS1	6.63392980264786	2	0.0362627258511933	0.186312462959753
CBWD2	8.51866465170087	3	0.036424724272145	0.18685398047441
APH1A	4.37578219880743	1	0.0364530957815015	0.18685398047441
INTS12	4.3731061668409	1	0.0365103808570803	0.186922929279281
RAB7A	8.51022169431235	3	0.0365639101547967	0.186922929279281
USP42	4.36920540214589	1	0.0365940523213873	0.186922929279281
KLC2	8.50346484247893	3	0.0366756739877029	0.186970761551292
SMAP2	4.36481615490294	1	0.0366884418414654	0.186970761551292
LHX6	10.2295605510433	4	0.0367333051168019	0.186977742263681
GTF2IRD2	6.60588271744473	2	0.0367748401678226	0.186977742263681
PICK1	6.6021668870635	2	0.0368432282119237	0.187109142812979
ASAP2	6.59690282808788	2	0.0369403284042326	0.187375736732735
MTFR1L	8.48428495167173	3	0.0369947461214679	0.187375736732735
HSBP1	8.48256225204022	3	0.0370235368851174	0.187375736732735
STAG3	4.33775791945955	1	0.0372759799697661	0.188436505640266
CDK20	11.7999550841628	5	0.0376340881377262	0.190028380745947
POMGNT1	14.8648711078986	7	0.0377711011780405	0.190340926909811
RAB28	8.43761261015698	3	0.037782544154676	0.190340926909811
CSPG5	6.54557529987079	2	0.0379006259978917	0.190717337687331
EXD2	10.1501008205169	4	0.0379737509247787	0.190844776252809
REXO5	6.5396679026021	2	0.0380127385169306	0.190844776252809
DERA	4.29949395178897	1	0.0381237153762685	0.191183694669132
MANBAL	4.28751910843198	1	0.0383931490064115	0.192315568713209
RNF31	6.50754150053024	2	0.0386282752877627	0.193273213555836
LAS1L	6.49820807782635	2	0.038808963580686	0.193827586908886
IDH1	4.26841121551115	1	0.0388272178414571	0.193827586908886
GNPDA1	6.49159115077782	2	0.0389375742556571	0.194158108363242
KLHL35	4.25548150326074	1	0.0391238554962806	0.194866043570376
RUFY3	4.2533380125019	1	0.039173261385071	0.194891406755138
TRIQK	8.32800795372714	3	0.0396975511788078	0.19727664416316
ANKRD17	4.22507624999764	1	0.0398308295489674	0.19771556247896
CXCL14	4.2018458714426	1	0.0403800028674842	0.200215617374516
RAD17	8.27177856638718	3	0.0407164273337864	0.201656359700442
STAT2	6.39722196485468	2	0.0408188627368885	0.201936286070681
PRCP	4.18100525210787	1	0.0408794465793521	0.202008770849427
TM2D2	6.38715078424866	2	0.0410249282014576	0.202500150650966
SNHG17	11.5714746507978	5	0.0411555265102876	0.202917046628077
KALRN	6.37183264866661	2	0.0413403472737966	0.2036000529789
DALRD3	8.23019535335425	3	0.0414862803530792	0.204090224824208
INTS14	6.35436723780549	2	0.0417029412578764	0.204926855477252
TMEM11	4.13480370535854	1	0.0420099394261933	0.20620503749598
R3HDM4	6.33620321796025	2	0.0420834128925669	0.206335395653856
TOP3A	4.12716640589838	1	0.0421999560093299	0.20667639925282
TCF3	6.31553740691561	2	0.0425205111806636	0.208014692071811
FBXW11	6.31110281460656	2	0.0426148963478575	0.20824479348653
MACIR	6.3050219225097	2	0.0427446618135453	0.208563605259543
KDM4B	6.3017209849254	2	0.0428152687951813	0.208563605259543
HYAL2	8.15978038094067	3	0.0428224046269595	0.208563605259543
UHRF2	8.15509025225765	3	0.0429128751591826	0.208773036449209
GABARAPL1	4.08455891254835	1	0.0432767454004205	0.210310636763591
TCF19	4.08053025535196	1	0.0433800433597763	0.210338495706334
DCP1B	4.07911266292513	1	0.0434164532117292	0.210338495706334
PCCA	6.27334579314902	2	0.0434270440750361	0.210338495706334
POLR2E	6.27119447715449	2	0.0434737818547197	0.210338495706334
NT5DC2	4.07341411517496	1	0.0435631410253873	0.21053922442819
TUB	4.06973516700322	1	0.0436581186793274	0.210766636609969
BZW2	11.4169137645758	5	0.0437125090166263	0.210797823086757
EZH2	15.9020720243789	8	0.0438034026799375	0.210808756722904
KAT6B	4.06384477631758	1	0.0438106420292711	0.210808756722904
HSPA8	9.7873274195008	4	0.0441666242132666	0.212289413431635
MON1A	6.23104398829446	2	0.044355347871524	0.212963777225942
HNRNPC	12.8921452579143	6	0.0447810215282571	0.21472731087372
TXNRD2	4.02364656609825	1	0.0448666055553245	0.21472731087372
TBCK	6.2080108522631	2	0.0448691220311388	0.21472731087372
ASB7	4.02109947899999	1	0.0449344111510082	0.21480602200232
CLCN4	6.19535594059312	2	0.045153929522328	0.215621044559391
ALS2	11.2861670291094	5	0.0459922444195168	0.219263322939059
AZI2	3.98099468453461	1	0.0460163817809803	0.219263322939059
KPNB1	6.15520308491841	2	0.04606962027305	0.219279426364582
OXR1	6.14903596610566	2	0.0462118979320628	0.21963921385397
BTBD3	6.14759990458879	2	0.0462450914117272	0.21963921385397
GPN1	3.96944793529019	1	0.046332960579069	0.219819159252153
PSMB4	3.96543582344054	1	0.0464434978852724	0.219916168423367
RIC8B	3.96343521476059	1	0.0464987202920955	0.219916168423367
UPF3B	3.96326510569452	1	0.0465034189708348	0.219916168423367
ME3	3.95400055918037	1	0.0467600777251258	0.220892397245009
TRA2A	7.9460151986641	3	0.0471406843406354	0.222174560407129
MAT2B	9.6291203154492	4	0.0471606691788276	0.222174560407129
SETMAR	6.10670714181947	2	0.0472003688921397	0.222174560407129
TRABD	6.10489465047067	2	0.047243163410523	0.222174560407129
XRCC1	3.93525109714324	1	0.0472840810689115	0.222174560407129
LRBA	7.90462290951723	3	0.0480245421299565	0.225218519938788
FCGRT	3.90878447570132	1	0.0480343273539297	0.225218519938788
AGRN	7.89584826963346	3	0.0482139706133586	0.225820066834453
MOCS2	6.04389434737732	2	0.0487062863681787	0.227860724947548
IFFO1	6.04196544739693	2	0.0487532838052847	0.227860724947548
DBN1	7.85875213592954	3	0.0490228764176128	0.228877505822358
ARMCX2	6.02536431547264	2	0.0491596478459601	0.229272673623046
TMOD1	3.86648462777066	1	0.049259594825396	0.229495442841199
CACNA1H	3.86165363286261	1	0.0494016157817162	0.229827359842748
STOML1	7.8400648173772	3	0.0494353529811822	0.229827359842748
MRPS16	6.01173196796663	2	0.0494958731305373	0.229865733926191
PHYHIPL	3.84603637088517	1	0.0498636965878185	0.231329681005512
EML2	3.84373167428902	1	0.0499322732413567	0.231403727835076
ENSG00000275895	3.84087506494859	1	0.0500174104838866	0.231554285587509
GAS2L1	3.8367677791623	1	0.0501400913079561	0.231878150969917
BUD31	3.83233805314967	1	0.0502727595976378	0.232038425344069
PPP4R3B	7.80225487309326	3	0.0502802681566389	0.232038425344069
CRMP1	7.78704885044135	3	0.0506240141736991	0.233299665263591
N4BP2L2	11.0345036726867	5	0.0507001527430824	0.233299665263591
TP53	3.81773640334347	1	0.0507127057735318	0.233299665263591
DPP3	3.81572400106961	1	0.0507736576012826	0.233335993866709
LINS1	5.94334196361933	2	0.0512176550177452	0.234867291801929
PPP1CA	7.75922236986753	3	0.0512589854234065	0.234867291801929
ARHGEF40	5.94141305347853	2	0.0512670759731359	0.234867291801929
PDE9A	3.79264378505206	1	0.051478278181652	0.235514865853912
CDK12	3.79143289572121	1	0.0515155300026065	0.235514865853912
ADAM9	7.73258033288585	3	0.0518741831115735	0.236722953877189
TJP2	7.7292820349976	3	0.0519508425273822	0.236722953877189
MARK3	20.8915017472441	12	0.0519919918571731	0.236722953877189
DYNC1H1	13.9545817520084	7	0.0519950826387823	0.236722953877189
ELAVL4	7.7006385301994	3	0.0526212261833963	0.239325907708973
SPRY2	3.7520653817862	1	0.0527423022542491	0.239628765820442
CNOT8	5.870154953971	2	0.0531266030578889	0.240913488797602
PTK7	9.34028069445776	4	0.0531346257693665	0.240913488797602
ZNF76	3.7349742405836	1	0.0532844883450632	0.241344160392985
LPAR2	3.73047400654286	1	0.05342822966723	0.241746249049874
RAF1	24.7420598778481	15	0.0535165816844835	0.241897149278889
FAM3A	9.31982801570621	4	0.0535839707548278	0.241953083552087
HADH	5.83637577437185	2	0.0540315098321864	0.243723672043032
NUP58	9.29224950207072	4	0.0541956123927793	0.244127460568979
TPGS2	7.63152150497535	3	0.0542736797256532	0.244127460568979
TMEM181	3.70383513139632	1	0.0542875526231154	0.244127460568979
THOC5	3.69479254635394	1	0.0545825695512198	0.245203412549811
ZNF274	5.80629927040536	2	0.054850189619971	0.245691913905077
AXIN2	3.68545714288666	1	0.0548889230852177	0.245691913905077
C12orf75	3.68501409887278	1	0.054903507384335	0.245691913905077
TCEAL4	9.26020040221283	4	0.0549147683876059	0.245691913905077
ATP13A2	5.80115073407887	2	0.0549915706150789	0.245785495493005
CEP70	7.58515162888261	3	0.0554104391609409	0.247406204497277
PIGS	7.57950488825009	3	0.0555504390331837	0.24777974733057
CNDP2	5.77459594545508	2	0.0557265841161248	0.248313593660301
NXF1	5.76169887457036	2	0.056087100119697	0.249667071180595
SVIL-AS1	12.2619824121316	6	0.0563730833751486	0.250686370762289
TAOK2	5.74047295994069	2	0.0566855200046265	0.251633906249587
PSRC1	9.18231370771696	4	0.0567005914264076	0.251633906249587
POLR2G	5.73388631495777	2	0.0568725114451475	0.252142444894918
TNIP1	10.723718473082	5	0.0571415087442655	0.253079914861309
PRRC2B	7.51342524197707	3	0.0572145016410545	0.253148267824303
WDR19	5.714032726185	2	0.057439884611753	0.253619892211973
DVL1	3.60795784360681	1	0.0575036907681785	0.253619892211973
PDZD11	3.60679588376433	1	0.0575438859044114	0.253619892211973
SEMA4B	3.60656828210813	1	0.0575517627165868	0.253619892211973
DDAH2	10.6913443517187	5	0.0578550385878016	0.254701160870021
ATP1A1	3.59164624082041	1	0.0580706899903035	0.255394894577355
ERCC1	3.57724272270116	1	0.0585763017563619	0.257282402836444
RSPRY1	3.57609294418523	1	0.0586168639477302	0.257282402836444
GUSB	3.57415874967393	1	0.0586851663316816	0.257325385370624
ELOB	5.64776015483972	2	0.0593751151405554	0.260091390824863
PRKAG2	3.54325338161834	1	0.0597880824812681	0.261530506923385
SUMF2	12.0977841381682	6	0.0598225761630117	0.261530506923385
TMEM150C	3.53067412974937	1	0.0602432894954494	0.261846220572852
ARHGAP12	3.52930527783096	1	0.0602930462798829	0.261846220572852
MARCHF8	3.5292376048522	1	0.0602955072779473	0.261846220572852
LDAF1	3.52878148278205	1	0.0603120974179914	0.261846220572852
KARS1	3.52852271173106	1	0.0603215116363633	0.261846220572852
NSG1	10.5750137813448	5	0.0604885800637096	0.261846220572852
NUDCD1	3.52374431482031	1	0.0604956333504465	0.261846220572852
TUBB2A	7.38838039775146	3	0.0604968735601127	0.261846220572852
PDZD2	3.52338048759646	1	0.0605089128718171	0.261846220572852
FLOT2	5.60878283278726	2	0.0605436058089316	0.261846220572852
ACAD9	12.0639673846781	6	0.060556890413615	0.261846220572852
BCLAF1	5.60661573184598	2	0.060609243415908	0.261846220572852
NACA	3.51701497752401	1	0.0607417535484521	0.262161169878402
MYH10	10.5514275671326	5	0.0610360603787267	0.263173130927098
CDC40	3.50333951644336	1	0.0612452121324292	0.263816300644881
RGL1	3.49992927846259	1	0.0613714498693164	0.264101405602009
DOLPP1	5.57620314224459	2	0.0615379284732903	0.264558953495142
SFI1	7.34296318858196	3	0.0617336978603748	0.265141409365165
GFAP	5.56399020308572	2	0.0619148576434753	0.265422405199763
NUDT9	3.48376662514033	1	0.0619735269041155	0.265422405199763
CAPZB	3.48221183156784	1	0.0620317754724452	0.265422405199763
ZNF502	3.48197839828669	1	0.0620405258174981	0.265422405199763
BAZ1A	3.47693182423625	1	0.0622300205881672	0.265595947130818
SEC61A2	5.55276275737833	2	0.0622634079117679	0.265595947130818
C3orf14	3.47576229665773	1	0.0622740233370313	0.265595947130818
VRK1	10.4967704224259	5	0.0623226506227839	0.265595947130818
MCCC2	7.31715108003846	3	0.0624475161663337	0.265763626515294
GANAB	7.31588070154976	3	0.0624828535281524	0.265763626515294
CWC15	3.46674881618981	1	0.0626142641425512	0.265994888731555
THOC2	3.46558904966338	1	0.062658186613436	0.265994888731555
TARS1	5.53731854168473	2	0.0627460738633547	0.266111121360689
CCDC106	7.29962359239653	3	0.0629367825204199	0.266662783742588
KDM5C	10.4649795046362	5	0.0630826219119065	0.26702345637013
ANP32E	3.44355008836806	1	0.063499113015035	0.268527979846273
GTDC1	7.26025968632712	3	0.0640491746616196	0.270593919463788
PON2	7.25406246810871	3	0.0642260298697033	0.271080690371358
ZNF667	3.41884548199107	1	0.0644560758456642	0.271722137299432
CRELD1	11.8885600197719	6	0.0645015714735349	0.271722137299432
MMADHC	3.3886572795891	1	0.065646387800034	0.276280204348851
REPS1	5.44045439112051	2	0.0658597896746913	0.276495143702957
PPFIA4	7.19738758443293	3	0.065865507123972	0.276495143702957
AIF1L	5.43965665573796	2	0.0658860642566392	0.276495143702957
EMC8	3.37313672842265	1	0.0662674724551855	0.277830642381226
UHRF1BP1L	5.42189493243586	2	0.066473795193763	0.278430239297304
TSSC4	5.41697525217978	2	0.0666375113779121	0.278850404414898
TTC13	3.36094666768531	1	0.0667596809700946	0.279000924455168
FAM156A	5.41147031447963	2	0.0668211817097013	0.279000924455168
RIPK1	3.35838045608091	1	0.066863795901716	0.279000924455168
CNOT1	3.35627347647323	1	0.0669494088253983	0.279093364942276
CASP2	3.34935584785626	1	0.0672313175293506	0.280003157664852
PBX1	3.34730740897157	1	0.0673150392036571	0.280086605882388
TBCCD1	3.34184470944638	1	0.0675388503073314	0.280752234075277
PSEN1	3.33527795128248	1	0.0678089489439129	0.281608836124012
SPAST	5.37092937336456	2	0.0681894998805058	0.282703022373497
BRD9	5.37059271148428	2	0.0682009792492679	0.282703022373497
METTL4	3.32041032672032	1	0.0684247491947373	0.28287617554059
FAM219A	11.722367411945	6	0.0684568893707702	0.28287617554059
GAS8	5.36212991247817	2	0.0684901762615184	0.28287617554059
CENPO	5.35999712835292	2	0.0685632525989394	0.28287617554059
MAOA	3.31705980501556	1	0.0685643481414892	0.28287617554059
UBE2G1	3.31454565598142	1	0.0686692998181027	0.283043655670118
OAZ1	5.35130326641774	2	0.0688619410435952	0.283138247351399
COPS7A	11.7056047297219	6	0.0688680141537048	0.283138247351399
RRAS2	3.30938218220626	1	0.0688853853265114	0.283138247351399
ANAPC10	3.30071774527363	1	0.0692496185468727	0.28436958204402
AK2	3.29674460797662	1	0.0694173289245617	0.284792362509536
CHST15	5.31868624196841	2	0.0699941843579971	0.286891353966888
EIF4A3	3.27688245149875	1	0.0702622765866236	0.287714067824709
TM2D3	7.04984994868937	3	0.0703257441818014	0.287714067824709
MSH6	7.04231911254101	3	0.0705610808237463	0.288408581285164
DGUOK	7.02904282326881	3	0.0709778174635644	0.289842563792717
IFT81	5.28691757188381	2	0.0711148725633173	0.289931684289618
REX1BD	7.0241662191163	3	0.0711314887104361	0.289931684289618
NEK3	5.2815077733988	2	0.0713074915182361	0.290379951571483
ZEB2	7.01308511107345	3	0.071481872885088	0.290820792736926
BRAT1	3.24475945993527	1	0.0716522072865314	0.291244369358748
KMT5C	3.24247695993017	1	0.0717520837803289	0.291270176724785
ETF1	3.24158824268761	1	0.0717910121804609	0.291270176724785
ACAP3	5.25986085499426	2	0.0720834770922331	0.292187218665107
KAT7	3.22052185298162	1	0.0727204431499622	0.29449770623714
UCK2	3.21885886758309	1	0.0727943601944446	0.294525847410458
ANAPC7	6.96336511917343	3	0.073074662844058	0.295388205136183
COPB2	6.95863679193002	3	0.0732279096236522	0.295598905587146
ECHDC1	6.95761055722414	3	0.0732612112528396	0.295598905587146
MIF4GD	3.20582339900125	1	0.0733765657434294	0.29579297538002
APPL2	3.203753090193	1	0.0734694911860131	0.295859355550158
FAM234B	3.20246044941064	1	0.0735275751742435	0.295859355550158
RUSC2	3.20077119703728	1	0.0736035549446523	0.295894364393584
CENPV	3.19609348113772	1	0.0738143909384806	0.296470951002226
MLH1	11.5011662349025	6	0.0740684403260949	0.297092812529226
DNM1L	6.93046679330337	3	0.0741473661979654	0.297092812529226
EXOSC8	8.52261644295731	4	0.0742046461386823	0.297092812529226
TSPAN17	6.92684774087365	3	0.0742662960044028	0.297092812529226
MANEAL	3.18522033526637	1	0.0743069790318665	0.297092812529226
FKBP7	3.17809267986092	1	0.0746317989296801	0.298036926404649
SLC4A1AP	5.18912213489148	2	0.0746786477712422	0.298036926404649
DHX30	8.4910815552721	4	0.0751580208221507	0.29967812835523
PCLO	3.15905927618564	1	0.0755066821625609	0.300795641441071
ANKHD1-EIF4EBP3	3.1524703442755	1	0.0758121092349005	0.301739055579269
TMEM14C	3.14807095135666	1	0.0760167803115293	0.302280108327401
KRAS	3.13949916940635	1	0.0764172698265456	0.303598150584596
DHCR24	3.13684670537623	1	0.076541657000076	0.30381787679272
EIF3C	5.13768315088237	2	0.0766242574525287	0.303871491682796
NPRL2	5.13535945909098	2	0.0767133347685973	0.303950672353415
DIPK2B	3.12785836951338	1	0.0769647862420653	0.304672484151758
POMT1	16.8741955539117	10	0.0771944764172497	0.30530693100995
PRR3	8.41436146848127	4	0.0775259817202766	0.306342558495756
CAST	6.82330778620928	3	0.0777479534481417	0.306943895210886
NKRF	3.10685126824956	1	0.077963548153741	0.307518999802828
ARRB2	6.80247568105005	3	0.0784672528025357	0.309228474754079
GLRB	3.07924217081575	1	0.079297466462417	0.31222046329607
LYPLA1	5.0627740243026	2	0.0795486088455064	0.312824210410028
THUMPD3	3.07319169436454	1	0.0795930630852255	0.312824210410028
B4GALT3	3.06552945654221	1	0.0799691074465582	0.314021548705324
CALCOCO1	6.75054757698945	3	0.0802883081917474	0.314993737223287
SNAP25	5.03022586002771	2	0.0808537808725183	0.316929526093882
KYAT3	3.02677694086083	1	0.0819005588439921	0.320746801242989
RNASEH2C	6.7010115514895	3	0.0820634196096944	0.321098682778858
RTCA	3.01280420858711	1	0.0826092639441886	0.322947149179148
SMIM8	4.98516127608696	2	0.0826962818013632	0.323000219682411
PDCD6IP	3.00680171288462	1	0.0829157444160578	0.323154703400162
EFEMP2	3.0060237095629	1	0.0829555581580401	0.323154703400162
PRUNE1	4.97802171987314	2	0.0829920167176215	0.323154703400162
PHB	4.97711274387257	2	0.0830297441660262	0.323154703400162
ANKRD46	4.96912629191138	2	0.083361963569709	0.323957239147056
RPL7A	2.99769122521661	1	0.0833832639187055	0.323957239147056
CAPRIN2	2.9959651885911	1	0.0834721586863594	0.32401637590698
GLB1	4.96152932771884	2	0.0836792146506603	0.324533673750974
MLC1	2.98884789393105	1	0.0838397983407898	0.324869985112593
ADD2	2.98327731781774	1	0.0841287636774949	0.325702731209175
PHC2	4.94410085891684	2	0.0844116014018764	0.326510310435754
CCND3	6.6346189762121	3	0.0845020005969728	0.326572758018881
HERPUD1	6.6305161331602	3	0.0846549656133019	0.326876680217122
SHISA5	6.62564365444086	3	0.0848369711899536	0.327292104643347
DECR1	2.96819839290019	1	0.0849163749314069	0.327311320725966
DKK3	2.95527379309351	1	0.0855978071993657	0.329258134280431
XRCC5	4.91426726977807	2	0.0856801900344761	0.329258134280431
ISG20L2	2.95149496557974	1	0.0857981565822152	0.329258134280431
COQ4	4.91105797810633	2	0.0858177867621147	0.329258134280431
ANKS6	2.95030552925002	1	0.0858613241516802	0.329258134280431
PPRC1	2.95013017058727	1	0.0858706412050146	0.329258134280431
DAXX	4.89642429754531	2	0.0864480045910608	0.330945062698603
C7orf25	2.93905896463548	1	0.0864610907323091	0.330945062698603
MACROH2A2	4.88781700457184	2	0.0868208479598673	0.332033121154345
MKRN1	4.88501517968507	2	0.0869425616012912	0.33212306957887
SQSTM1	2.9291106897835	1	0.0869954015813683	0.33212306957887
GGA3	4.88004971184364	2	0.0871586850255961	0.332457846264156
BANF1	4.87009951840514	2	0.0875933883624608	0.33382644888917
AFTPH	2.91084115050928	1	0.0879859743548434	0.334938318835967
FLNB	2.90989789761102	1	0.0880374480614774	0.334938318835967
IFRD2	2.9077594897019	1	0.0881542627518214	0.335092867400614
NRXN2	4.85337636583358	2	0.0883288778017112	0.335466670614789
GRAMD1A	4.84972818651295	2	0.0884901446322805	0.335751854478862
CABYR	4.84822561443269	2	0.0885566510221646	0.335751854478862
WASF3	2.89393800976904	1	0.0889133514693148	0.336615858106706
RAB18	4.83829148154109	2	0.0889976120267078	0.336615858106706
PPP1R21	4.83791980862952	2	0.08901415256437	0.336615858106706
ZNF140	2.88465875594193	1	0.0894269509196636	0.337886366103678
POLR2I	2.8815991832098	1	0.0895970004350206	0.337914455014407
ISYNA1	8.05412324748545	4	0.0896155898248863	0.337914455014407
PASK	6.49921021306955	3	0.0896936564361727	0.337914455014407
L3MBTL2	4.82143340475068	2	0.0897509467991413	0.337914455014407
HAT1	4.81992743369642	2	0.0898185534133338	0.337914455014407
IDH3G	2.87096599573624	1	0.0901907208532701	0.338309767018917
SARAF	2.87068872038799	1	0.0902062599420443	0.338309767018917
RNF13	2.87047633597263	1	0.0902181643723568	0.338309767018917
NAA80	2.87024161853438	1	0.0902313225814437	0.338309767018917
WLS	4.79769343707608	2	0.0908226369764831	0.340201168731562
CCT8	2.85728659201413	1	0.0909608184633596	0.340201168731562
PALM	2.85716238930581	1	0.0909678432078937	0.340201168731562
SART3	6.45235228781894	3	0.09156067141764	0.34212730067526
FBXO44	4.77815215242185	2	0.0917143818434323	0.342410739683714
ZFR2	4.77376656131537	2	0.0919157133908951	0.342871337992499
TMEM145	2.83541720992412	1	0.0922068507776053	0.34366587264399
NAV3	2.82984994622029	1	0.0925270043740481	0.344567117050858
CBFB	4.75742156544948	2	0.092669972260055	0.344807561759494
CPEB2	4.75037283042911	2	0.0929971515107561	0.34573243647025
CTDSPL2	2.81184161118776	1	0.0935709025495226	0.347571646463514
SLC8B1	2.80924645754538	1	0.0937223898144743	0.347714250637187
THBS2	2.80780248378832	1	0.0938067945745832	0.347714250637187
ITM2A	2.80651233926437	1	0.0938822774741996	0.347714250637187
FASTK	6.39430062830525	3	0.0939255410998131	0.347714250637187
UQCR11	2.80186292217741	1	0.0941548509776195	0.34824376368267
CTNNB1	6.38615080723321	3	0.0942622050032839	0.34824376368267
DMPK	6.3850897560709	3	0.0943061215429877	0.34824376368267
CEP78	7.91431581195047	4	0.0947678244095293	0.349655110531132
EEFSEC	2.78164820298753	1	0.0953499969444276	0.351508203320698
NSUN5	6.34555125621046	3	0.0959566890118867	0.353448507767402
RACGAP1	2.76927418806736	1	0.0960897228734057	0.353476044071865
SATB2	6.34155837920025	3	0.0961249087562415	0.353476044071865
ANAPC13	4.68184521765033	2	0.0962388064861309	0.353599223831248
SLC66A2	2.75841323883692	1	0.0967441498618788	0.35515924131264
ETNK1	2.75230670343342	1	0.0971142313101305	0.356220508175108
LY6H	4.66183432096091	2	0.0972065521846594	0.356220991828558
CFL2	6.31440631546553	3	0.0972763554311273	0.356220991828558
ENSG00000225889	2.74797356575489	1	0.0973777733966434	0.356295713309848
TCP11L1	2.74596579367483	1	0.0975001506482467	0.356340399908187
ZNF302	9.30355197520112	5	0.0975520330808224	0.356340399908187
AP3M2	2.73812645251201	1	0.0979795805250154	0.357605141202504
CYC1	2.7354619058151	1	0.0981431209403035	0.357905013180311
ACIN1	10.6873487272678	6	0.098533426529409	0.35903066269788
SPATS2	2.72613805194692	1	0.0987177343239654	0.359147242031219
SYNCRIP	9.26849759844765	5	0.0988221488780749	0.359147242031219
ALDH4A1	2.72412234716694	1	0.0988424407688106	0.359147242031219
IBTK	2.72332098266043	1	0.0988920668712611	0.359147242031219
ZNF599	4.61427307979892	2	0.0995458895232539	0.361178546750723
SPP1	2.71138155029553	1	0.0996346702238878	0.361178546750723
TMSB15B	2.71037165918858	1	0.0996977616542469	0.361178546750723
UTP15	2.70564475292416	1	0.099993648579401	0.361952318067659
RRM1	4.60357847919977	2	0.10007961701695	0.361965588520187
ACSF3	2.69993101736941	1	0.100352588370607	0.362654629132235
RAD51AP1	2.69638419979768	1	0.100576109149455	0.363163980327836
SLC37A3	4.58619263398214	2	0.100953393716636	0.364227256411621
TEF	2.68364022167498	1	0.101383736119219	0.36548005856748
UBE2V1	6.21367719681803	3	0.101664724167155	0.366192839383414
PALLD	2.67693036429307	1	0.101811808026668	0.366422530033786
TUBG1	2.66652736479955	1	0.10247940592725	0.368287905653878
MTMR9LP	2.66624506037772	1	0.102497589022362	0.368287905653878
EP400	2.66313087376489	1	0.102698406715629	0.368652449436943
PVR	4.55058800968877	2	0.102766690088607	0.368652449436943
SLC37A1	2.65967957977909	1	0.102921465757753	0.36890676968427
ARL16	6.1810771681433	3	0.103125191297461	0.369074004376892
GRIA2	4.54186277222931	2	0.103216001349817	0.369074004376892
MYG1	2.65440595614609	1	0.103263327650742	0.369074004376892
POC1B	4.54016229222637	2	0.103303797041372	0.369074004376892
ZNF589	2.64752032929982	1	0.103711559631657	0.370230064334437
ZNF84	4.52728052522616	2	0.103971312149103	0.370451669659494
YIPF2	2.64327479259543	1	0.103988991654123	0.370451669659494
RHOT2	2.64270430766692	1	0.104026332885283	0.370451669659494
ATP5F1E	2.63923235135417	1	0.104253907519931	0.370961719476261
RBBP5	2.63682813445519	1	0.104411815069691	0.371223251961602
SPATS2L	4.51518203977184	2	0.104602166023306	0.371542617438932
HSPH1	4.51387398738348	2	0.104670600956534	0.371542617438932
GPRASP2	6.14282014210221	3	0.104864731452685	0.371931523329764
MCM3	4.50735609075582	2	0.105012273479173	0.37206737500315
SIRPA	4.50621446825971	2	0.105072232777152	0.37206737500315
FCHO1	6.13197261919004	3	0.105363058411348	0.372797048184318
TRPM4	4.49337458682402	2	0.105748960233437	0.373832772421128
HMGN3	4.49192215268181	2	0.105825784825899	0.373832772421128
USP34	6.10626010694659	3	0.106553345249872	0.375553757370576
HAUS1	2.60294808541289	1	0.106665134056433	0.375553757370576
POLR1B	4.47590811334167	2	0.106676535409632	0.375553757370576
MFNG	2.60260234581187	1	0.10668840186089	0.375553757370576
MYO1B	2.60183702834274	1	0.106739926492319	0.375553757370576
ELP1	6.09598171102334	3	0.107032746277535	0.376282988112388
TTC17	7.59731086027796	4	0.107494061995979	0.3773364599555
IRF7	4.45954904158134	2	0.107552678294828	0.3773364599555
PPP4R1	4.45885894548428	2	0.107589795539836	0.3773364599555
VPS13C	2.58240584038288	1	0.108057313930412	0.37867415670594
NAMPT	9.01026496963686	5	0.108655422652966	0.380024545496456
SDHA	4.43839597159604	2	0.108696249812184	0.380024545496456
BCAN	2.57299313453223	1	0.10870188227252	0.380024545496456
SRRT	6.05742157722125	3	0.108849716832037	0.380057009105699
HNRNPK	6.05473637358227	3	0.108977337859972	0.380057009105699
EEF1AKMT2	4.43186535455021	2	0.109051756707076	0.380057009105699
RPLP0	7.56082621752284	4	0.109056831626055	0.380057009105699
STK25	7.55584659458464	4	0.109271758558927	0.380504508426096
CTDP1	2.54805522640709	1	0.110430110852326	0.384097156165196
NME4	4.40587503500495	2	0.110478149738284	0.384097156165196
HMGCR	4.39884462124974	2	0.110867186662104	0.3851452503475
FRMD5	2.53982232880685	1	0.111007277005807	0.385327548754173
ZNF668	2.53210795621089	1	0.111551105313774	0.38690990628547
TLE3	4.38206823858275	2	0.11180107316997	0.387341579448687
TRMT1	5.99504169690874	3	0.111851706662081	0.387341579448687
LAMB2	2.52641345650886	1	0.111954422927827	0.387392251799043
DNAJC14	4.37445223788018	2	0.112227623332014	0.388032301426255
ASNS	2.49630960213194	1	0.11411341794226	0.39424258610374
NFKBIB	2.48641331674037	1	0.114833152990756	0.396379013753449
SLC39A8	2.48533250828461	1	0.114912060603831	0.396379013753449
RNF34	2.48279937608822	1	0.115097233901711	0.396431590645545
RSRC2	5.92916981748908	3	0.11510758100372	0.396431590645545
TFE3	2.47640141286547	1	0.115566396083571	0.397700320794635
EPRS1	2.47464813582701	1	0.11569533191639	0.397832736331731
SC5D	2.47209904545451	1	0.115883075133449	0.398167003466335
KLHL2	2.47071208259479	1	0.115985367684125	0.398207374765638
PTPN11	2.46697788997881	1	0.116261271138904	0.398839494927236
RADX	2.46576749261044	1	0.116350857660674	0.398839494927236
TIMP2	2.46041484789873	1	0.116747944128163	0.399888986195999
UBE2G2	2.45338896633797	1	0.117271433690832	0.401360247347599
EGLN1	2.4521250696971	1	0.117365879993146	0.401360247347599
NUP85	4.28346369210249	2	0.117451259285211	0.401360247347599
GLRX3	2.44791334477091	1	0.117681213844446	0.40177635970828
CDCA7	2.44691981699202	1	0.117755736167343	0.40177635970828
LRATD1	2.4422371973908	1	0.118107672174111	0.402664761412202
NDUFB8	4.26935686525303	2	0.118282620093222	0.402948848311379
FZD6	2.43467091255761	1	0.118678798915741	0.403985570922158
NUP93	2.43007630569446	1	0.119027104378325	0.404682802515197
SAP130	5.85140778241839	3	0.11906765494649	0.404682802515197
ZNF706	4.25129484787794	2	0.119355669529188	0.405348443698354
DUS1L	2.42202558816427	1	0.1196401391539	0.406001027776891
ZNF177	2.3953208964958	1	0.121698774921116	0.412516307962244
SLC29A3	2.39469297396141	1	0.121747650690085	0.412516307962244
ENTPD6	4.20284847157745	2	0.122282145564586	0.413976857341264
EIF3I	4.20146166905249	2	0.122366965562447	0.413976857341264
OSCP1	2.38262441415117	1	0.122691275552768	0.4147549806926
YIPF1	2.37735806805318	1	0.123105583772202	0.415835912004718
CMSS1	2.37030211844922	1	0.123663116800562	0.417398609124229
PSEN2	5.73695850219849	3	0.125133138007894	0.422036457790429
GAS5	9.98559407868697	6	0.125259996475909	0.422140585824558
TMPO	2.34475189853129	1	0.125705573872605	0.423317851371912
DPYSL5	2.3381776176102	1	0.126237158444869	0.424356159194759
MAP3K4	4.13906185480619	2	0.126244985881799	0.424356159194759
SNHG11	12.6018353109321	8	0.126303367982251	0.424356159194759
NNAT	4.13518146295087	2	0.126490163658845	0.424425178089694
PABPC4	4.13384642659207	2	0.12657462632965	0.424425178089694
ZNF540	4.13323349858786	2	0.126613422840764	0.424425178089694
CCDC126	2.3321601930154	1	0.126725908120708	0.424478708236766
LMAN2L	2.32844622809012	1	0.127028615413934	0.425168836065815
KBTBD3	2.32125344053649	1	0.12761715500607	0.426233796973958
L3MBTL3	4.1164669556083	2	0.127679319145213	0.426233796973958
TRIM41	4.116121182538	2	0.127701395088573	0.426233796973958
ME2	5.6879522459692	3	0.127819322309384	0.426233796973958
MELK	5.68773461256694	3	0.127831372944213	0.426233796973958
SH3BP4	2.31453845849467	1	0.128169338902206	0.427036933705987
EDRF1	2.3118292445115	1	0.12839287459979	0.427457882278485
EIF1	5.67202038264168	3	0.128704351579569	0.428170755103588
SHLD2	2.30562013077929	1	0.128906824557719	0.428520192293913
ELOVL5	4.09342122850649	2	0.129159059568646	0.429034398778628
ABI1	5.65968758477845	3	0.129393448377373	0.429488593180141
SIN3A	4.08627643209093	2	0.12962129230969	0.429920394855215
SEL1L3	2.28886981707888	1	0.130304775862419	0.431861646000692
MMAA	2.28434536784771	1	0.130685271482106	0.43279655420053
TMEM218	2.28297682480335	1	0.130800606719858	0.432852572124857
YBX1	2.28103100956378	1	0.130964787630823	0.433070027067939
IFT46	2.2777062233539	1	0.131245853444272	0.433514070174554
PDCD10	2.27711135772233	1	0.131296212249319	0.433514070174554
FHIP2B	4.05774289644614	2	0.131483823752102	0.433807844607461
FGF11	2.27227522931332	1	0.131706419519752	0.43421651652764
C7orf50	7.0738629746254	4	0.13203601038894	0.434759898834752
ALAD	2.268015204314	1	0.132068946076223	0.434759898834752
LINC01551	5.60535332642871	3	0.132471366861045	0.435758467804694
RCHY1	4.04068023185374	2	0.132610354515507	0.435764941571584
NMNAT3	2.26096343647762	1	0.132671499946419	0.435764941571584
ZNF598	2.2579951862491	1	0.132926046247954	0.436275187610824
EPS8	7.04023010979563	4	0.133777459881402	0.438508265367972
PREX1	2.24778463176199	1	0.133805841774402	0.438508265367972
CLCN7	5.57784715658636	3	0.134055930798252	0.438706855942547
ARHGEF9	8.43020479767529	5	0.134065942334421	0.438706855942547
LUC7L	5.57400931582606	3	0.134278445245112	0.438756521212766
DHX15	2.2423053796083	1	0.134280645191538	0.438756521212766
EPHA10	2.23752387191612	1	0.134696525319095	0.439788655050763
COPS3	2.23462439242513	1	0.134949414223387	0.440287480530011
MYOM2	2.23190020690663	1	0.135187498226242	0.440737299628621
SMN2	2.22759193282889	1	0.1355649858252	0.441640598266095
MSL1	3.99385340289518	2	0.135751848753897	0.441922006528229
GABPA	2.21829056567231	1	0.136383994088023	0.443406231280476
EXT2	2.21800280404466	1	0.136409420400747	0.443406231280476
ZNF511	2.21490571140384	1	0.136683412511396	0.44396872099344
UBE3C	2.21193870575871	1	0.136946474368306	0.44448500497616
NDUFAF2	2.21016256984103	1	0.137104222203665	0.44448500497616
SPECC1L	5.52509135375522	3	0.137145555196146	0.44448500497616
ACTR10	2.20826848901015	1	0.137272669682382	0.444569367645888
TLCD3A	2.19423655011303	1	0.138527829877173	0.448304191169836
EPHA4	2.18182515461399	1	0.139648766008033	0.451599465370095
CINP	2.17773214791163	1	0.140020655234724	0.452270975533599
PHYHIP	2.17727688114064	1	0.140062089285303	0.452270975533599
SYT5	3.9296581552328	2	0.140179844441437	0.452319116546912
ZNF438	3.92642344831256	2	0.140406748240244	0.452480534422441
ABCB8	3.92601199622811	2	0.140435636536296	0.452480534422441
UPRT	3.91653863470424	2	0.14110241322166	0.454088649704175
PLAT	2.16547240304862	1	0.141141242416009	0.454088649704175
THRA	2.16335595622331	1	0.141335711570814	0.45438191483073
ZBTB48	2.16153695703906	1	0.141503090446125	0.45458772226593
ZNF550	2.15846886892064	1	0.141785911777652	0.455163824816141
FADS2	5.44592002833087	3	0.141909217484355	0.455227380376508
LCMT1	3.90294790252528	2	0.142064521010663	0.455303723852317
SPNS1	5.44122752943895	3	0.142196427336854	0.455303723852317
CHD2	6.88224220175653	4	0.142243591762866	0.455303723852317
ZNF513	2.15197681968179	1	0.142386456806717	0.455427405385644
MEIS2	3.89697620214429	2	0.142489338292553	0.455427405385644
HADHA	2.14771371221286	1	0.142782370013786	0.455847326488033
TMA7	2.14722305739724	1	0.142828016348456	0.455847326488033
SPTLC1	8.2489613544094	5	0.143038128244052	0.456186865857389
GPR85	2.13045896041695	1	0.144397514647021	0.460188601027245
STAU2	5.40354367124428	3	0.14452295590378	0.460254858844913
FASTKD2	2.12701361658401	1	0.14472247668625	0.460556767341626
FAM131A	2.12484234133558	1	0.144927692740989	0.460876350451821
ZC3H7A	3.86036287408206	2	0.145121865612932	0.461160379310457
ARMCX4	2.11974640906624	1	0.145410619021203	0.461593186646602
MTMR4	3.85559863111939	2	0.145467975600771	0.461593186646602
GABRA2	5.38663837779816	3	0.145578323623273	0.461610286442071
LINC02696	2.10957008373726	1	0.146380436429227	0.463346962025798
DPH3	2.10955617064883	1	0.146381767347954	0.463346962025798
BRME1	2.10795842629727	1	0.146534697548639	0.463346962025798
NME2	5.37121658304386	3	0.146547436147768	0.463346962025798
YDJC	6.79735155995905	4	0.146992716147485	0.464420952310805
SLC7A6OS	2.09747174461586	1	0.147542929519937	0.465643006441221
SHFL	2.09697111380473	1	0.147591257612338	0.465643006441221
HNRNPM	5.34981020478153	3	0.147902740983187	0.466291222110435
BCAR1	3.81244105017666	2	0.148641111657192	0.468283387584765
MYO19	2.08319450971179	1	0.148928213416101	0.468852027633508
GGA1	3.80580271383042	2	0.149135296191313	0.469168120636192
MFAP3	3.80159597463125	2	0.149449312970448	0.469819927408172
CCDC66	2.07437537368216	1	0.149791251272561	0.470558516497659
IFRD1	3.79041912452431	2	0.15028683729655	0.471778380035851
BAP1	2.06544063908768	1	0.15067137220525	0.472648141910619
CCDC77	3.78124823493829	2	0.150977551698204	0.473271042315538
DCAKD	5.28937133580985	3	0.151793557722319	0.475490076113076
PYCR1	5.28753105432315	3	0.151913531406754	0.475527196531604
INTS6L	3.76433507807405	2	0.152259718938507	0.47627186621021
STXBP1	6.6958157372319	4	0.152863014461812	0.477819145417945
GET1	2.03968534464639	1	0.15324134194147	0.478415766071705
CHKB	2.0393865701659	1	0.153271444837434	0.478415766071705
DOCK7	5.26099496128427	3	0.153653486906943	0.479162065155747
PACC1	2.03458221783171	1	0.153756427044842	0.479162065155747
SPAG9	2.03197316194974	1	0.154020530779305	0.479162065155747
ENY2	3.74093309171258	2	0.154051772830413	0.479162065155747
OCIAD2	3.73750447942655	2	0.154316091227512	0.479162065155747
ZNF532	2.02882169417717	1	0.154340226874051	0.479162065155747
USP3	2.02681831312429	1	0.154543848291736	0.479162065155747
PIGO	2.02559557639796	1	0.154668275653746	0.479162065155747
BLCAP	2.02541429287157	1	0.154686732986675	0.479162065155747
EIF4ENIF1	2.02465881957141	1	0.15476367820889	0.479162065155747
PI4KA	3.73162199838862	2	0.154770640108865	0.479162065155747
ANKHD1	8.02582781346496	5	0.154817938741773	0.479162065155747
PBX4	2.02065762431229	1	0.155171926244922	0.47970082952144
CXCL12	2.01972174174205	1	0.155267592053249	0.47970082952144
SLC9A6	2.01821638913589	1	0.155421609506573	0.47970082952144
PDIA3	8.01294134242926	5	0.155523845538673	0.47970082952144
GOLM1	2.0170263916516	1	0.155543484715044	0.47970082952144
PIP5K1C	2.01559957070458	1	0.15568975758874	0.47970082952144
FLYWCH1	3.71731997472261	2	0.155881373488163	0.47970082952144
FUT8	3.71650202241199	2	0.15594513829123	0.47970082952144
SEH1L	3.71613617817184	2	0.155973666715703	0.47970082952144
ZFC3H1	2.01057841426996	1	0.156205753098198	0.4799073819561
PRKD2	3.71247994310102	2	0.15625906570285	0.4799073819561
SNX27	3.70994030086916	2	0.156457612797002	0.480000899202648
GIGYF2	5.21807195787613	3	0.156507796602228	0.480000899202648
EIF5	3.69874608339751	2	0.157335778369906	0.482021326550607
ABHD6	1.99916611665594	1	0.157385771925119	0.482021326550607
ASIC1	1.99636881864762	1	0.157676553401593	0.482575839847046
NFS1	3.68924545472996	2	0.158084950766513	0.483489300049461
KDM2A	5.18920662671553	3	0.158455336970979	0.484285317580517
DRG2	1.98593556155538	1	0.158766501711864	0.484478338940795
NEDD9	1.98442340210568	1	0.158925185129703	0.484478338940795
GNB2	1.98421738971228	1	0.15894681768471	0.484478338940795
BICD2	1.98410017366632	1	0.158959127578801	0.484478338940795
TUBA1C	1.98166251470002	1	0.159215373824224	0.484923278448017
CALM3	5.16966215640423	3	0.159786944516064	0.486327323170692
PRRT3	1.97096478671756	1	0.160345492531588	0.48743235576888
RASA1	1.97071797856006	1	0.160371673214545	0.48743235576888
TSN	1.96644397184718	1	0.160825820713838	0.488475110151562
KANSL2	1.96031132694586	1	0.161480026527544	0.490123641592917
CCDC112	3.63683111167575	2	0.16228267517637	0.491962975643938
HAS3	1.95227138369381	1	0.162342297629838	0.491962975643938
PDIA5	1.95153431139084	1	0.16242160996703	0.491962975643938
SEC13	5.12906005186687	3	0.162587021736508	0.492125066481184
OSBPL2	6.53256744957343	4	0.162749902241498	0.492244082447768
RAB23	1.94755847892833	1	0.162850190987154	0.492244082447768
SNPH	1.94424097308536	1	0.16320879481211	0.49261386663108
URGCP	5.1166319205513	3	0.163453305304251	0.49261386663108
DHX9	1.94113439670855	1	0.163545416009293	0.49261386663108
TMEM161A	3.62107113441061	2	0.163566512480471	0.49261386663108
TXNRD1	6.51786832138532	4	0.163668010558717	0.49261386663108
RBFA	1.93956843306106	1	0.163715400626353	0.49261386663108
CPNE3	1.93918928074936	1	0.163756587770496	0.49261386663108
ASCC2	1.93708380168573	1	0.163985520487447	0.492965358239093
MORF4L1	1.93275027821892	1	0.1644578644711	0.494047601054575
PGK1	1.92751632735929	1	0.16503042747848	0.495429228703314
TRNT1	1.92576455998392	1	0.165222569141908	0.495667707425724
BSDC1	1.92117846891603	1	0.165726804852353	0.496841504935683
NEDD4L	1.9179319673226	1	0.166084818348018	0.497575634260614
TMEM214	1.91495504167051	1	0.166413881867919	0.498222091528324
RSU1	3.58379342072567	2	0.166643794713726	0.49857102663331
MRPL49	1.9091949296967	1	0.167052714591653	0.499454683055125
CORO1B	1.90152488259309	1	0.167907735440175	0.501669986729545
CHRDL1	1.90035540421513	1	0.168038543393927	0.501719968667001
MTERF4	1.89809224838507	1	0.168292012657045	0.501863037193197
MYNN	1.89726741662219	1	0.168384501221852	0.501863037193197
CDKAL1	1.89687257457399	1	0.16842879556552	0.501863037193197
PPT2	3.55958979525826	2	0.168672738899711	0.502249631469823
CKAP5	1.89182572610773	1	0.168996141515436	0.502872145050667
SRPK1	1.8907857862323	1	0.169113319388895	0.502880580576307
SLC11A2	3.54839161908308	2	0.169619801291481	0.503752149541892
SNX5	3.54783353883749	2	0.169667138625862	0.503752149541892
EXOC7	1.88514935588546	1	0.169750042205794	0.503752149541892
SPATA33	1.88202792454842	1	0.170103839797583	0.504461690782043
CYTH3	1.88080184405862	1	0.17024304091719	0.504534295117116
RRM2	3.53602035489257	2	0.170672258679678	0.505273602057496
HYI	3.53543431200899	2	0.170722276638799	0.505273602057496
ADK	1.87477452298253	1	0.170929247765512	0.505545952705259
H2AZ1	3.5289157535517	2	0.1712796159778	0.506107151072336
MGLL	1.87101333341511	1	0.171359066296734	0.506107151072336
ABR	1.87009478961136	1	0.17146422353292	0.506107151072336
USP32	1.86840561060382	1	0.171657798653142	0.506338697838041
ACAA1	1.86736214211032	1	0.171777502650669	0.506352182746408
POLR2J3	1.86424834433944	1	0.172135280115673	0.506930694381289
PRR19	1.86364861524169	1	0.172204287722975	0.506930694381289
ZNF189	1.86190509176049	1	0.172405086302509	0.507182320774874
DDX49	3.51438455688049	2	0.172528596672243	0.507206395831901
ZNF133	11.5458752480276	8	0.172644683873334	0.507208630377369
MRPL42	1.85671321640211	1	0.173004621971001	0.507926787335424
RICTOR	1.85521304580852	1	0.173178301566284	0.508097511866924
EVL	4.96857379466087	3	0.174112842044671	0.510498852874975
SNX16	1.84284903223852	1	0.174617390043986	0.511637096211492
CYLD	1.83754744363819	1	0.175238674076622	0.513115638208379
ALG5	3.48139074235223	2	0.175398391215414	0.513130557661003
CDCA8	1.83447917969488	1	0.175599402008075	0.513130557661003
COCH	3.47799632210206	2	0.175696331903367	0.513130557661003
YTHDF3	1.83307413175135	1	0.175764875516439	0.513130557661003
EIF5A	3.47535220960344	2	0.175928765948526	0.513130557661003
PISD	4.94400208397383	3	0.175943811039744	0.513130557661003
PRPF8	1.82993370415716	1	0.176135376218456	0.513178827666128
USP7	1.82845411943686	1	0.176310246354701	0.513178827666128
ZNF138	4.93782975943759	3	0.176406571650815	0.513178827666128
GET4	1.82746635483454	1	0.176427100370893	0.513178827666128
MCM3AP	4.9346848509449	3	0.176642794739747	0.51346663004984
CKB	1.82281697282451	1	0.176978330342962	0.514102177574866
EHMT1	3.45516118426804	2	0.177713852554779	0.515594692336996
RPUSD1	3.4550178140621	2	0.177726592447223	0.515594692336996
BCKDK	1.81288901479434	1	0.178162053647014	0.516430382641455
BDH2	1.81215858169679	1	0.178249504513354	0.516430382641455
ELMO1	1.81097368453084	1	0.178391471401077	0.516460862554566
FKBP8	6.29025861902119	4	0.178494886558195	0.516460862554566
SLC29A1	1.80737864213097	1	0.178823006593074	0.516906319522023
HMGXB3	1.80687210769156	1	0.178883905937362	0.516906319522023
POLR1H	1.80396770831094	1	0.179233557482333	0.517576615763165
MCPH1	1.80281144118726	1	0.179372976626906	0.517639338061112
THAP7	3.4350228407493	2	0.179512323219902	0.517701768866314
SUPT3H	1.79862551237989	1	0.179878752588981	0.518418580528399
ELAC2	3.4290937150372	2	0.180045288399575	0.518558728475002
HAUS8	1.795562806627	1	0.180249856912732	0.51880812662209
ALG1	1.79410456470521	1	0.180426861444539	0.51880812662209
MAPRE3	1.79307763356246	1	0.180551633211744	0.51880812662209
METAP2	1.79224646874627	1	0.180652692537272	0.51880812662209
STK16	3.42041249453035	2	0.180828493388595	0.51880812662209
GLUD1	1.79047904825495	1	0.180867806570795	0.51880812662209
ZNF559	1.7897417428112	1	0.180957632159683	0.51880812662209
PDCD6	4.87580160796915	3	0.181120759427613	0.518848687883359
POT1	3.41622248247023	2	0.181207727282592	0.518848687883359
MCM3AP-AS1	1.78189009939543	1	0.181917404305475	0.520541798396538
DDB1	7.56166237249272	5	0.182105385391467	0.520740887484832
MAMLD1	4.85190761215767	3	0.182967976543271	0.522867550901433
MPPED1	1.77221233716409	1	0.183108521722469	0.522929401646377
KMT2E	1.76742505134919	1	0.183701070501178	0.524046394497659
FAM107B	1.76665708157333	1	0.183796333179765	0.524046394497659
DCK	1.76616733322771	1	0.183857113849452	0.524046394497659
MOSPD3	3.3821709608485	2	0.184319340329183	0.525023613191546
STMN4	1.75747457981561	1	0.184939826075109	0.526450068011864
LRRC3B	1.75482172477177	1	0.185271720825711	0.52705370516913
ATP5MJ	1.75349644553467	1	0.185437783562305	0.527185114484174
PTPRO	10.0488466755892	7	0.185822230006935	0.527936800756137
HECTD4	1.7482098911687	1	0.186101932320813	0.5283901215926
MRNIP	3.3605129115731	2	0.186326185483137	0.52868552500312
PABIR2	1.74477082234785	1	0.186535465600962	0.528938090079324
GTF3C1	1.74334007568723	1	0.186716172969914	0.529109361289744
GARNL3	3.34920738905373	2	0.187382425449719	0.530311140258923
LYSMD4	8.75969730354439	6	0.187550358939757	0.530311140258923
PPOX	1.73667027703124	1	0.187561278275596	0.530311140258923
POLD2	1.73566691513588	1	0.187688795107781	0.530311140258923
NEK1	1.7352393383855	1	0.187743166299032	0.530311140258923
PI4KB	3.34144812127397	2	0.188110812682144	0.531008571358195
IFT20	3.33420005356197	2	0.188793769417675	0.532594610583024
CIRBP	11.2300725374553	8	0.189000647043839	0.532660460325006
APTX	7.45316771428224	5	0.189059340283614	0.532660460325006
RNF8	1.72242733829667	1	0.189380892857751	0.533137771503981
FAM136A	1.72172461974333	1	0.189471199831906	0.533137771503981
CEP131	3.32551505480387	2	0.189615388894046	0.533202353168806
PRMT3	1.71371547966297	1	0.190504014783886	0.535237313783374
RSF1	1.71284001965192	1	0.190617306711582	0.535237313783374
INPP5F	3.31362044421894	2	0.190746449547613	0.535237313783374
HMGCS1	1.71123005827394	1	0.190825854482112	0.535237313783374
GPS1	8.70009751605539	6	0.191160073844949	0.535833017699227
SCYL2	3.30576686664699	2	0.191496943117164	0.536435385878527
ZNF233	3.29922894716356	2	0.192123963208227	0.537849261737609
CDK2AP1	3.28943470356012	2	0.193067125161676	0.540145811998125
ARCN1	1.69128987147251	1	0.193431022978054	0.540381166692251
ANGEL2	1.69073920892026	1	0.193503553833693	0.540381166692251
MLLT10	1.69061545548379	1	0.193519858467552	0.540381166692251
AP4M1	1.68796023077391	1	0.193870074019157	0.540840528891722
DAG1	3.2805127974716	2	0.193930312428887	0.540840528891722
LINC02610	1.68425111149975	1	0.194360536146721	0.541696855496375
EFL1	6.06057429674638	4	0.194669988208072	0.542075338305117
SYT3	3.27155695665607	2	0.194800664161148	0.542075338305117
RPUSD4	1.68043922200582	1	0.194866100468483	0.542075338305117
DCXR	1.67778416966814	1	0.195219144595102	0.542458143219752
ROBO1	3.26554661922637	2	0.195386953530719	0.542458143219752
DHRS12	1.67599716531734	1	0.195457185266814	0.542458143219752
GRIA1	3.26441967340554	2	0.195497079809756	0.542458143219752
DNAAF11	1.67314848591421	1	0.19583735091607	0.543059690623502
RPL22	1.66732133373807	1	0.196617704173611	0.544880064874317
LINC01122	1.66475665799148	1	0.196962311317052	0.545293868599714
ZBTB4	1.66410660700905	1	0.197049768961059	0.545293868599714
ZFPL1	1.66344384301715	1	0.197138983873021	0.545293868599714
EPHA5	3.24368248225574	2	0.197534655108927	0.545778602149354
CCDC74A	1.660302968667	1	0.197562422606133	0.545778602149354
UNC5A	1.65695625355647	1	0.198014785971512	0.546199549326743
SETDB1	6.01367989641494	4	0.198128977191577	0.546199549326743
NCKAP5L	1.65596879291911	1	0.19814848947857	0.546199549326743
CCNF	1.65530463687082	1	0.198238476677891	0.546199549326743
RAE1	3.23534870445565	2	0.198359477348546	0.546199549326743
CHD8	1.65241488766719	1	0.198630570426903	0.546199549326743
CCNL2	6.00590365668722	4	0.198707818428567	0.546199549326743
MVK	3.23183431587273	2	0.198708339909684	0.546199549326743
DRAP1	1.64953300787147	1	0.199022503131823	0.546652180197673
SNX7	1.64774209262396	1	0.199266523152104	0.546652180197673
ZNF232	3.22478191943844	2	0.199410261734036	0.546652180197673
RABAC1	1.64582230411315	1	0.199528492945026	0.546652180197673
ZNF75D	1.64541058432519	1	0.199584727910007	0.546652180197673
GRHPR	1.64516132932295	1	0.199618781581961	0.546652180197673
ST3GAL5	4.64170633677412	3	0.19999336135255	0.547337151977919
FAHD2CP	4.63547382192931	3	0.200519996013228	0.548237741779715
P4HTM	3.21316654974271	2	0.200571743184075	0.548237741779715
TDP1	1.63515942274671	1	0.200990910477966	0.548343360052754
GCNT2	1.63499273619459	1	0.201013871403374	0.548343360052754
MTHFD1	3.20782292185322	2	0.201108350102141	0.548343360052754
NEURL4	3.20740632627235	2	0.20115024489025	0.548343360052754
PREB	3.20657588218455	2	0.201233784248555	0.548343360052754
SH3YL1	1.62719270068561	1	0.202091777580367	0.55034033300214
MAP3K7	4.61427479484246	3	0.202320932204784	0.550416628772592
IFNGR1	4.61369852654207	3	0.202370097481874	0.550416628772592
CHEK2	1.62394158577234	1	0.202543064421819	0.550419679972465
DPAGT1	4.6093187822139	3	0.202744125385276	0.550419679972465
KIF23	3.19159596025315	2	0.202746676115369	0.550419679972465
CHMP2A	4.60652521554175	3	0.20298302977837	0.550457344105493
RBM6	5.94871860191415	4	0.203010871336769	0.550457344105493
ACSL3	3.18609618461778	2	0.203304974006564	0.550915142132391
MXRA7	1.61593880072989	1	0.203658994959291	0.551534642753056
JAK1	1.61278233740995	1	0.204101131848595	0.551551920010492
GPR162	1.61270494485098	1	0.204111986697224	0.551551920010492
CARD10	1.61243032899357	1	0.20415050898715	0.551551920010492
FAN1	9.73380517911664	7	0.204167013591878	0.551551920010492
CNPY2	1.61129820397952	1	0.204309410619879	0.551597782631202
RBM5	1.60888598343081	1	0.204648469211318	0.552174213246244
TAF9	4.57481886463529	3	0.205712919130298	0.554705958513212
FOXJ3	1.59819981820601	1	0.206158509399904	0.555007959217076
NELFCD	5.90717217791553	4	0.206188794594665	0.555007959217076
POLR3F	1.59763978535102	1	0.206238008499758	0.555007959217076
AZIN2	1.59699419103492	1	0.206329698344684	0.555007959217076
PACRGL	1.59345432811406	1	0.206833300158335	0.555709076682324
NAE1	3.15142424083751	2	0.206860190851963	0.555709076682324
GTF2IRD2B	4.56025410332404	3	0.206978316706081	0.555709076682324
ATP5MC3	3.14747761616491	2	0.207268793636328	0.555709076682324
MBD4	1.59014152051742	1	0.207305915652703	0.555709076682324
DHRS13	1.58862897914014	1	0.207522123849463	0.555709076682324
ATF4	1.58846732802238	1	0.207545246612975	0.555709076682324
NAT9	1.58807634892855	1	0.207601185309017	0.555709076682324
SNRPD2	1.58543941685934	1	0.207978925928106	0.55638157921643
EPHB4	1.58382116232418	1	0.208211143386671	0.556492615879079
HIRIP3	1.58338699262447	1	0.208273498348559	0.556492615879079
DOCK11	3.1315886037118	2	0.20892200011734	0.556955775184739
CTSO	3.1313128658519	2	0.20895080595561	0.556955775184739
CRB1	3.13114617233782	2	0.208968222053444	0.556955775184739
TTYH2	1.57775411139028	1	0.209084492421543	0.556955775184739
RHBDD2	1.57700093367748	1	0.209193214196568	0.556955775184739
ARMC8	7.15139139015446	5	0.209622431857527	0.556955775184739
MRPS22	3.12393515903329	2	0.209723018261869	0.556955775184739
DCAF17	1.57278215984246	1	0.209803436265001	0.556955775184739
WASHC5	1.57211633185943	1	0.209899937035901	0.556955775184739
APBB1	7.14627312296943	5	0.209987114631744	0.556955775184739
ILK	3.12140980390723	2	0.209987998068302	0.556955775184739
GMPPA	5.85732027471425	4	0.210060078396683	0.556955775184739
CBY1	1.57028041390186	1	0.210166295490707	0.556955775184739
DNAJC7	5.85418743369155	4	0.210305492998765	0.556955775184739
ABHD3	1.56889649620734	1	0.210367341593086	0.556955775184739
PCM1	4.51913047990672	3	0.210590226542546	0.556955775184739
SLC26A11	1.56729902990401	1	0.21059969398186	0.556955775184739
LIPA	1.5663509367605	1	0.21073773848558	0.556985921790613
TMEM129	1.5648479313877	1	0.210956799305722	0.557230032039978
PDLIM7	1.56238722401258	1	0.211316026840453	0.557843869174256
LZTR1	1.56064439628244	1	0.211570893210012	0.558181636675245
ZNF18	1.55757270317736	1	0.212020977383945	0.559033728138243
TMEM138	1.55566684119174	1	0.212300807602316	0.559436160476324
PITPNM1	1.55390544757279	1	0.212559815902448	0.559783275652076
ITGB1BP1	1.55085695158115	1	0.213008976200186	0.56052276212521
PC	3.09202960874336	2	0.213095511203582	0.56052276212521
RPL10A	3.09078496012603	2	0.213228166993451	0.560536448557799
ASAH2B	1.54830435898975	1	0.213385938065349	0.560616102515773
SEMA4C	3.08719914882568	2	0.213610807895848	0.560871840672203
SENP6	3.08270230537892	2	0.214091635425637	0.56118594398163
C11orf98	1.54348086093927	1	0.214100428750278	0.56118594398163
HCFC1R1	4.47964358035318	3	0.21411323647139	0.56118594398163
TRIM16	1.54101095775167	1	0.214467388843168	0.561478204648298
SLC25A36	3.07907684114616	2	0.214480078173975	0.561478204648298
ALKBH1	1.53736132251709	1	0.21501099472326	0.562339500206554
LZTS2	3.07266298987157	2	0.215169003911734	0.562339500206554
CEP57L1	1.53614402109224	1	0.21519267368068	0.562339500206554
KIF16B	1.53438730835165	1	0.215455180382162	0.562385004163381
MRPL22	3.06990586234957	2	0.215465832654683	0.562385004163381
SSNA1	1.5330256473319	1	0.21565891641482	0.562555109366773
LCLAT1	1.53204477429165	1	0.215805819817693	0.562604620959225
RPL11	3.06429588614628	2	0.216071060182773	0.562729876464671
CEP170B	1.53001783274783	1	0.21610976838309	0.562729876464671
TSPAN5	1.52841790892853	1	0.216350043771371	0.562941133500911
AP3D1	4.45381684343783	3	0.216446897851305	0.562941133500911
GDPD2	1.52639941187812	1	0.216653634182599	0.563145793815055
CSNK1D	3.05612573369581	2	0.216955532271644	0.563597419332953
MRPL20-AS1	5.76293759113651	4	0.217565536193368	0.564772029630528
SLC39A7	1.51970244917175	1	0.217664527108628	0.564772029630528
SEC24C	3.0480637861765	2	0.217831839328043	0.564872894672603
MTUS1	3.04481590915611	2	0.218185872226699	0.565282453389522
FBLIM1	1.51586154414736	1	0.218246840803867	0.565282453389522
KCTD7	3.03967188276056	2	0.218747771466006	0.565829675707374
PROSER1	3.03942067801017	2	0.21877524843122	0.565829675707374
ESF1	1.5118415724877	1	0.218858293673255	0.565829675707374
BRPF3	1.51108150966502	1	0.218974131742848	0.565829675707374
UBE2K	1.51024703055521	1	0.21910139557291	0.565829675707374
TMEM230	5.73921615545623	4	0.219488629919518	0.566226689444407
BLZF1	1.50755454511727	1	0.219512620623628	0.566226689444407
LRP12	1.50539768574163	1	0.219842704047861	0.566745728254686
TCTN3	4.41231651493922	3	0.220246073855248	0.567452977630568
CASP7	1.49491542033832	1	0.221455368049287	0.570017262986291
SHOC2	1.49462293134275	1	0.22150056899581	0.570017262986291
CCT5	4.39639701058331	3	0.221719700619954	0.570247510717285
MRPL11	3.00875791158933	2	0.222155219210214	0.570562364509463
CCDC14	3.00700453171805	2	0.22235006585261	0.570562364509463
FAM184A	3.00546900082327	2	0.222520844100827	0.570562364509463
PHOSPHO2	1.48746493434493	1	0.222610206526166	0.570562364509463
RTF2	3.00456917364477	2	0.222620981777441	0.570562364509463
TBC1D31	1.486870422859	1	0.222702666974298	0.570562364509463
SCRN1	1.48656461258724	1	0.222750245534959	0.570562364509463
NDRG1	2.99850440616865	2	0.223297078596755	0.571630123206361
GTF3C5	2.99726091015327	2	0.223435956279483	0.571641151528502
TRAF3IP1	1.48136330946346	1	0.223561341661897	0.571641151528502
TCEANC	1.47325798131224	1	0.22483236033762	0.574056804103759
SNX6	2.98308977873239	2	0.225024748528581	0.574056804103759
RNF214	1.47129329136393	1	0.225141752280278	0.574056804103759
ZNF224	1.47068533169795	1	0.225237594929742	0.574056804103759
UNC45A	1.46996539963402	1	0.225351152938798	0.574056804103759
FHIP1B	2.97995898541194	2	0.225377277370143	0.574056804103759
CD2BP2	1.46953066277638	1	0.225419759137606	0.574056804103759
MYO5B	1.46744491952722	1	0.225749260901615	0.574314489788595
CPNE1	2.97535148155293	2	0.225897089236647	0.574314489788595
ABCF1	1.4662107479686	1	0.225944505234689	0.574314489788595
RBM39	5.65971189604898	4	0.226043288272864	0.574314489788595
C2CD3	1.46291460702309	1	0.226466945088369	0.574924295771549
EOLA1	1.46175286248845	1	0.226651427828919	0.574924295771549
NAGK	5.6518553499784	4	0.226700229819824	0.574924295771549
MKRN2	2.9673187702283	2	0.226806196717516	0.574924295771549
TMEM9	4.33985112273695	3	0.227027806417401	0.57515454644224
SNTG1	1.45576521565778	1	0.227605122980713	0.576285164576381
NTM	2.95793417312689	2	0.227872939887114	0.576631294374873
DGCR2	2.95444525235871	2	0.228270802129918	0.577293915050388
AFG3L2	1.44968057721962	1	0.228579213505872	0.577293915050388
ZC3H11A	2.95113599246042	2	0.228648818487986	0.577293915050388
GABPB1-AS1	1.44917830995588	1	0.228659845388308	0.577293915050388
HTATIP2	1.44729916409418	1	0.228961819347307	0.577633142024489
UBE3B	1.44670817230553	1	0.2290568894249	0.577633142024489
GLMP	1.44306044990262	1	0.229644734517398	0.578429027460851
UBL7	4.31156286586383	3	0.229726982494528	0.578429027460851
CTTNBP2	2.94077190434837	2	0.229836762068357	0.578429027460851
INPP5E	1.44148877220687	1	0.229898576626095	0.578429027460851
CARD19	2.93699052882573	2	0.230271722679282	0.579036613118057
MTHFD1L	2.93144382985304	2	0.230911233026043	0.580300775664102
PSME3	1.43445749171406	1	0.231038348837618	0.580300775664102
TMEM177	2.92149380778392	2	0.232062881314478	0.581685196009469
ANKS3	4.28616738221996	3	0.232175246035072	0.581685196009469
CLTCL1	1.42675904708801	1	0.232294092768736	0.581685196009469
NUBP2	2.91907006532665	2	0.232344282119908	0.581685196009469
PCGF2	2.91883989858275	2	0.232371022622012	0.581685196009469
RPS6KA1	1.42621526587621	1	0.232383103544483	0.581685196009469
SLAIN1	1.42509202854336	1	0.232567095081237	0.581814609878999
UPF2	1.42416309281793	1	0.232719392005069	0.581864631062133
ELP3	2.91359044603087	2	0.232981734075445	0.581874606159675
HINT1	1.42232126012637	1	0.233021712638075	0.581874606159675
LAMTOR3	1.42172129109809	1	0.23312029469153	0.581874606159675
DDIT4	1.41948581994211	1	0.2334880531186	0.582192622368923
SNRPB	4.27240040503875	3	0.233512456993811	0.582192622368923
CRIP2	4.26806145567753	3	0.233935370450567	0.582916577473991
ARMC5	1.41355413470774	1	0.234467281580571	0.583911157639498
PGAP2	2.8965065875469	2	0.234980371519949	0.584538034529125
MRPL4	2.8964687123962	2	0.234984821520576	0.584538034529125
TEX264	2.89265062701838	2	0.235433846043225	0.585323942847995
PRKAR1A	8.0324391176764	6	0.23573635655487	0.585744913066847
ATP2B3	1.40083967055622	1	0.236583033024854	0.587516758466012
NUP214	5.53246998241138	4	0.236890051117162	0.587901872040276
PRDM15	1.39781057336651	1	0.237090496201026	0.587901872040276
CDV3	1.39752064924869	1	0.237139136198147	0.587901872040276
TMEM41B	1.39611486495744	1	0.237375153473037	0.588155450689812
VWA8	1.39437996712041	1	0.237666818451958	0.588546547044884
NUMB	4.22579648737729	3	0.238091824952869	0.588898988603175
CDK16	4.22380470794451	3	0.238289362943773	0.588898988603175
UBR3	1.39051471566859	1	0.238318195720245	0.588898988603175
CDC25A	1.3903574299768	1	0.238344747547442	0.588898988603175
ENSG00000250377	4.22073678871436	3	0.238593922761014	0.589183645313274
BSG	1.3850721580468	1	0.239239060169376	0.590445222572904
GPI	1.38254980085782	1	0.239667300578969	0.590857686102888
ACD	7.97860603100526	6	0.239674877673386	0.590857686102888
RCSD1	1.38057823632431	1	0.240002677220758	0.591201164173299
LIG1	2.85076542362913	2	0.24041643538916	0.591201164173299
ATP5MC1	1.37806229193166	1	0.240431485410395	0.591201164173299
GUK1	2.84957350913601	2	0.240559756008261	0.591201164173299
SEC11C	4.1978307370473	3	0.240879159304011	0.591201164173299
SUPT7L	4.19739671470961	3	0.240922652682529	0.591201164173299
NDUFB9	1.37509352045993	1	0.240938670529771	0.591201164173299
TBPL1	1.3743871704082	1	0.241059534997558	0.591201164173299
C17orf58	1.37307178071632	1	0.241284809665292	0.591201164173299
TRAK1	1.37260859539242	1	0.241364196120271	0.591201164173299
VIPAS39	2.84286858103178	2	0.241367577281961	0.591201164173299
CPSF3	1.37078651389311	1	0.241676795709906	0.591201164173299
SP3	2.83911667808525	2	0.241820796119522	0.591201164173299
PCTP	1.36977439105686	1	0.241850650218452	0.591201164173299
ANO4	1.3695597486161	1	0.241887539375595	0.591201164173299
DGCR8	2.83686523837969	2	0.24209317187116	0.591201164173299
INVS	1.36791709414028	1	0.242170078331417	0.591201164173299
PSMA6	1.36754662081876	1	0.24223385580725	0.591201164173299
TRAM1	1.36667185288491	1	0.242384529463524	0.591240798990893
TMEM98	1.36317537202319	1	0.242987919141661	0.592384073384159
PTPRN	2.82769907220018	2	0.243205251423233	0.592530407896496
ARL6IP4	2.82577660703475	2	0.243439140628141	0.592530407896496
PPP1R7	2.82566993293585	2	0.243452125299902	0.592530407896496
TTLL4	1.35892764338504	1	0.243723416816137	0.592862603516246
CCNG1	1.35756051124736	1	0.243960714079165	0.593111785804403
NBPF15	2.818042756144	2	0.244382324070169	0.593580818763919
ALPK1	1.3541555997424	1	0.244552941022077	0.593580818763919
POMT2	2.81660117113188	2	0.244558536516649	0.593580818763919
TMEM222	2.81453731150873	2	0.244811034018598	0.593725394253795
WDR18	1.35198923945518	1	0.244930656146761	0.593725394253795
HMGB1	2.81280558032904	2	0.24502309926572	0.593725394253795
IDH3A	1.34764302834188	1	0.245690588754414	0.594957222618824
TTF1	1.34700712404413	1	0.245802017621283	0.594957222618824
CDKN2C	1.34309661579744	1	0.246488611203902	0.596290930734192
KIAA2026	1.34122783052746	1	0.246817553867392	0.596596618328336
UROD	1.33894510856499	1	0.247220086126445	0.596596618328336
KIAA1522	1.33890926625281	1	0.24722641291411	0.596596618328336
SNRK	2.79481230708961	2	0.24723742887715	0.596596618328336
ZNF181	2.79436094318612	2	0.247293232199308	0.596596618328336
FADS3	2.78910496694078	2	0.247943970568179	0.597838586929195
CRK	1.33300629331893	1	0.248271098502863	0.598299337652378
CHD6	1.33178925765066	1	0.248487156303136	0.598307780324526
EIF2A	1.33145417278865	1	0.248546683640953	0.598307780324526
SCHIP1	1.32932306910152	1	0.248925680188072	0.598892309336511
NRP1	5.39492551831268	4	0.24912115975445	0.599034915582325
LATS1	1.32744063265307	1	0.249261042716988	0.599043751841156
RELN	1.32348347613038	1	0.249967831283856	0.600414266513599
UBE2D1	1.3225313219391	1	0.250138262374678	0.600495675722616
ARHGEF15	1.32055463114978	1	0.25049253600087	0.600589611076075
CERS1	1.32027706338062	1	0.250542332530813	0.600589611076075
NRDC	5.37747611540544	4	0.250711187961085	0.600589611076075
E2F5	1.31926707439555	1	0.250723630271867	0.600589611076075
TMED4	4.0990605951738	3	0.250964143140092	0.600738283184083
CDK5RAP2	10.2031077879828	8	0.251058882331138	0.600738283184083
NT5C3B	4.09333266386329	3	0.251560656995534	0.601611620155714
SELENON	1.31065833756458	1	0.252275494358833	0.602993274016385
SEM1	1.3077502582637	1	0.252802387642174	0.603660299368312
GORASP1	13.6523762524503	11	0.252829074905964	0.603660299368312
TRMT2A	2.74875668978621	2	0.252996823696402	0.603696306199684
STAG2	2.74779355759824	2	0.253118687729017	0.603696306199684
LCOR	5.34683493187572	4	0.253524440712663	0.60403654850459
PODXL	1.30371344888505	1	0.253536031955315	0.60403654850459
ANKRD13D	2.74096655073345	2	0.253984185587941	0.604752036591527
THUMPD2	1.30055779796942	1	0.25411136053232	0.604752036591527
ZNF586	1.29914400072923	1	0.254369640919309	0.605039308146631
RBM45	2.73611648047699	2	0.254600853578568	0.605231394347473
TRIM37	2.73513656523937	2	0.254725627771071	0.605231394347473
GON4L	1.29568865865781	1	0.25500224398342	0.605561484362355
ACOT13	1.29390317612568	1	0.255329889109778	0.605912787643686
SCOC	1.29265646286603	1	0.255558974967695	0.605912787643686
WDR86	1.29263191517191	1	0.255563488194415	0.605912787643686
TAF15	2.72467691033694	2	0.256061288444832	0.606765919493734
TMX2	2.71769518140718	2	0.256956725713239	0.608559870590644
PUS7	1.28344879031101	1	0.257258774584604	0.608802248836873
HIBCH	1.28231153638438	1	0.257469686251273	0.608802248836873
ALAS1	2.71367036592892	2	0.257474348075622	0.608802248836873
NMRAL1	4.03499616579415	3	0.257709888631306	0.608958113118283
TTYH1	2.71100901337661	2	0.2578171911383	0.608958113118283
C8orf58	2.70815168913919	2	0.258185788030346	0.609266453021238
DEK	5.29550811743502	4	0.258297719734435	0.609266453021238
ZBTB45	2.70677684101793	2	0.258363332170216	0.609266453021238
TUBGCP3	4.02617890113834	3	0.25865112199759	0.609584423696283
PBXIP1	1.27529664578901	1	0.258775379499991	0.609584423696283
CD164	2.70224818506176	2	0.258949014329768	0.609666897763554
NHP2	1.27221587902022	1	0.25935139378305	0.610287549415653
OSER1-DT	1.26999682904449	1	0.259767274769207	0.610939291141697
ZMIZ2	5.27207572056386	4	0.260502382644605	0.612243666048495
FAM156B	1.26556515574885	1	0.260600305330328	0.612243666048495
SRP68	1.26358459140647	1	0.260973665411084	0.612273099545734
ZNF433	2.6854945537965	2	0.261127293263914	0.612273099545734
EIF3A	1.26261414436408	1	0.261156848181934	0.612273099545734
GNAI1	6.49285348668855	5	0.261169698669349	0.612273099545734
ARID5A	1.26146716735514	1	0.261373558448223	0.612424565825938
ZWINT	2.67782935414198	2	0.262130009961498	0.6138699594306
SPIN3	10.03789910059	8	0.262375967879474	0.614118949831787
TUBGCP5	1.25453277068891	1	0.262688505255163	0.614523428783089
NPEPL1	1.25051696533825	1	0.263453762678061	0.61564896595325
TECR	1.25030963157087	1	0.263493347574775	0.61564896595325
DDX27	1.24980572062123	1	0.263589586832644	0.61564896595325
MAN1B1	11.1736230903934	9	0.263995508131729	0.616269768982666
GAS6	1.2428073653673	1	0.264930691243043	0.618124763971831
TRAPPC13	3.95952785010377	3	0.265867685289515	0.619982014794957
RCOR3	2.64694069552928	2	0.266209856305741	0.620450952852491
TMCO1	1.23507555264223	1	0.266422229904957	0.620617037670551
TBC1D14	2.6420580124759	2	0.266860559453873	0.621180011392113
SHARPIN	1.23237120857908	1	0.266946389615983	0.621180011392113
TOMM40L	3.94474758992891	3	0.267492533524192	0.622121714669167
KDM1B	2.63376227867411	2	0.267969760354138	0.622794610275287
TIAM2	2.63305102597364	2	0.268065074409076	0.622794610275287
NDUFB10	1.2246142636975	1	0.268456998112636	0.623070469646495
DOK4	1.22456230160606	1	0.268467153246955	0.623070469646495
CEP83	1.22314381897385	1	0.268744557539006	0.623385318595227
SAFB	2.62685769722157	2	0.268896468585447	0.623408892376803
PEX2	1.22028298595268	1	0.269305123062999	0.624027361027961
THAP3	1.21812552010999	1	0.269728833360009	0.624680046928553
NOL8	1.21567265673184	1	0.270211569695807	0.625468675537978
MAEA	3.91836167285874	3	0.270415605566392	0.625611695571274
PANTR1	12.209607713181	10	0.271273192464816	0.626941183649146
CHST8	1.20979106817364	1	0.271373504252669	0.626941183649146
SNX1	1.20956686395807	1	0.271417920342877	0.626941183649146
HLA-A	2.6061346890034	2	0.271697124898891	0.627256669451612
TEFM	1.20743540687863	1	0.271840628409638	0.627258700810906
ZC3H14	1.20595145996822	1	0.27213540965705	0.627441232810156
MAP2	3.90131201185795	3	0.272319730346377	0.627441232810156
ATRIP	2.60015878308721	2	0.272510157173146	0.627441232810156
NEIL2	3.89857403778842	3	0.272626637261798	0.627441232810156
SEC24A	1.20308106351075	1	0.272706741474656	0.627441232810156
ENDOV	3.89724500608929	3	0.272775724677812	0.627441232810156
TPM4	2.5964964744162	2	0.273009622488397	0.62765097736747
ENSG00000277991	1.20001934585071	1	0.273317811714661	0.627951948887072
SLC46A1	1.19947767755934	1	0.273426098708218	0.627951948887072
SLX1A	1.19836752786591	1	0.273648201146564	0.628134023299888
CYHR1	3.88187946855487	3	0.274504748297678	0.629618865817577
TXLNA	1.19371539023678	1	0.274581397143727	0.629618865817577
ATP6V1B2	1.19196230346279	1	0.274934093517084	0.630039088153849
TTI1	2.58159624585096	2	0.275051170817506	0.630039088153849
CDC45	1.18918373409554	1	0.275494268632784	0.630388469064232
HSPD1	8.69078733046626	7	0.275625074124681	0.630388469064232
CLIP4	1.18770047560201	1	0.275793888783774	0.630388469064232
C12orf29	1.18746300294742	1	0.275841896585537	0.630388469064232
HBS1L	2.57528591291521	2	0.275920373567223	0.630388469064232
MTOR	1.18633511868597	1	0.276070054679785	0.630402959751658
DHDDS	2.5687217565378	2	0.276827453546577	0.631804432121352
PAFAH1B1	5.10028949651678	4	0.277161094999777	0.632237809029574
DUSP23	1.18023135573728	1	0.277308901163963	0.632247043711306
RAB34	1.17648913102425	1	0.278071899374869	0.633658141684287
ARHGEF10L	2.55445080267918	2	0.278809813585934	0.635010647411153
TYW1	1.17173718345839	1	0.279044583424207	0.635216396428397
LOXL3	2.55170944707633	2	0.279192234035974	0.635223717170311
GORAB	6.28587368008448	5	0.27938752507118	0.635339366733738
ZSWIM8	5.07650628213969	4	0.27953717253252	0.63535115493438
PIP5K1A	3.83575588958047	3	0.279754425163166	0.635516509229135
SCLT1	1.16666033695878	1	0.2800885154289	0.63558768084845
PPP1CB	2.54445079806646	2	0.280207354238598	0.63558768084845
RPL9	2.54436548460899	2	0.280219307222634	0.63558768084845
ELOA	1.16485569636643	1	0.280460783267655	0.635807487016054
MSANTD3	1.16318813128294	1	0.280805330047794	0.636245385418208
NSMF	2.53873329261046	2	0.281009543861498	0.636245385418208
ANAPC11	3.82403155918882	3	0.281103204409889	0.636245385418208
PRIMPOL	3.82290933880972	3	0.281232612381309	0.636245385418208
TMEM147	3.82034853647656	3	0.28152811015513	0.636586441368771
CHD9	2.53371096292994	2	0.281716091905835	0.636684158377114
CCDC47	1.15443538105865	1	0.28262259017694	0.63840480308073
USB1	1.15232559488959	1	0.283062849859849	0.63907105425237
GLCE	1.15140808272054	1	0.283254582509549	0.639081722127502
AXIN1	2.52208692337092	2	0.283358198760489	0.639081722127502
ZFAND5	2.51964173758097	2	0.283704842339837	0.639535569764532
ACTL6A	1.14720544016473	1	0.284134913816868	0.639608883630234
CLDN12	2.5162164865942	2	0.284191138788409	0.639608883630234
MOB2	1.14638253980888	1	0.284307693023842	0.639608883630234
ZNF549	1.14632827091532	1	0.284319092200343	0.639608883630234
RBM4	6.22670315970208	5	0.284780587360466	0.640281970099226
FEZ2	3.79121642440987	3	0.284909462365663	0.640281970099226
ZMPSTE24	2.50975712501167	2	0.285110469223209	0.640406457427822
SMARCB1	2.50750607618829	2	0.285431548673833	0.640800383393322
RFNG	1.13921441872577	1	0.285818385993635	0.641067955999433
ARFRP1	2.50463031399869	2	0.28584226050816	0.641067955999433
TSC1	2.50121273782466	2	0.286331121919005	0.641372691236293
SEC14L1	2.49848410146683	2	0.286722035278293	0.641372691236293
DDX1	14.2222422180248	12	0.286742070156462	0.641372691236293
MCRIP1	3.77547610292845	3	0.286751586773167	0.641372691236293
PSD	1.13477354052191	1	0.286759419729611	0.641372691236293
DNMT1	7.38257264844015	6	0.286910703694435	0.641372691236293
SLC38A2	1.13344663081079	1	0.287041358626746	0.641372691236293
TBC1D15	1.13296021369615	1	0.287144799691738	0.641372691236293
DUS2	1.13075708527279	1	0.287613908850002	0.641550316520365
ROBO3	1.13066024876653	1	0.287634550459151	0.641550316520365
GK	1.13053175629508	1	0.287661942741737	0.641550316520365
BAIAP2	2.48896173358378	2	0.288090426624804	0.642180281954328
CROCCP2	2.48520871021196	2	0.288631539220233	0.643060541788544
ENC1	2.48217864806065	2	0.289069156389666	0.643632893678705
BLOC1S5	1.12342979465552	1	0.289181127309941	0.643632893678705
SCML1	1.12248129518639	1	0.289384793621695	0.643760405841283
ENSA	2.4739264537302	2	0.290264347858821	0.645390597514203
PCDH18	1.11731910638423	1	0.290496452841975	0.645580292874687
WFS1	1.11529903049359	1	0.290932950770035	0.645844370917742
SLC25A22	1.11482671916019	1	0.291035128425411	0.645844370917742
TSFM	1.11470718215469	1	0.291060995768798	0.645844370917742
GTF2IP1	1.11405267676059	1	0.291202680202338	0.645844370917742
RELA	3.73451661694071	3	0.29159537596128	0.646256790936292
ARF1	1.11182575542625	1	0.291685413944082	0.646256790936292
ARNT	1.1111621383096	1	0.291829464938489	0.646256790936292
TRIM3	3.73122290687024	3	0.29198805209115	0.646282563209299
IDH2	1.10620192984788	1	0.292909057363572	0.647994987064884
ZNF213	1.10312792532659	1	0.293580678830489	0.648767796950878
TMEM198B	1.10281128839961	1	0.293649970823125	0.648767796950878
ARMCX6	3.71585520367034	3	0.293826457003769	0.648767796950878
ZNF74	2.44938229033778	2	0.293848442820861	0.648767796950878
CCDC51	2.4475504240836	2	0.294117711641276	0.649036475563639
PIK3CB	1.09574637907701	1	0.295201495032028	0.651101391750682
ARHGAP11A	2.43839702308048	2	0.295466885346646	0.65117111946243
LINC00654	1.09426010955596	1	0.295529230206232	0.65117111946243
FAM120B	2.43665646674663	2	0.295724135649438	0.651274285721698
RNF167	3.6983335142636	3	0.295935172989124	0.651412858261346
COPS6	1.09023455745682	1	0.296419244369668	0.651821467720843
POFUT2	2.43180268779042	2	0.296442697024506	0.651821467720843
TCTN1	3.69311828128076	3	0.296565429038064	0.651821467720843
NECAP2	1.08832948128202	1	0.296841638376012	0.652102660128721
TIAM1	2.42740818975278	2	0.297094771572413	0.652332903332738
LSS	3.68619014443993	3	0.297404543502454	0.652592443348349
FAM161B	1.08532329760158	1	0.297509742817972	0.652592443348349
FANCI	3.68183138980544	3	0.297933549008865	0.652937333633594
FRMD8	1.08328473339088	1	0.297963899182042	0.652937333633594
TOR1AIP1	2.41962637680263	2	0.298252991344036	0.652993307528258
CNOT4	2.41940240973236	2	0.298286392638534	0.652993307528258
SLC6A6	1.08097779123834	1	0.298478920387195	0.653089697444222
RELL2	2.41505011839672	2	0.298936214076254	0.653765027104608
RDH13	1.07714041457487	1	0.299338146632595	0.654318672410613
CRELD2	1.07590735279473	1	0.299614916569022	0.654598312504004
PCYOX1L	1.07231989032152	1	0.300422024898226	0.656008007755299
POLI	1.0717146564987	1	0.300558466490889	0.656008007755299
PSMC4	2.40049288535374	2	0.301119993949973	0.656893761022163
OBSCN	1.06859503636755	1	0.301263009545635	0.656893761022163
MRM2	3.65277976454445	3	0.301480949427888	0.657043218822523
CASP3	1.06277885544478	1	0.302582247127772	0.659116752287243
ISOC2	1.06039614616992	1	0.303124850599957	0.65997182818743
PMS1	3.6363978655545	3	0.303497859939645	0.660281805962394
FYN	1.05845649023422	1	0.303567487870841	0.660281805962394
RPS6KA4	1.05630088289217	1	0.304060386597998	0.660438170123865
ZNF615	4.84040896433908	4	0.30406793176856	0.660438170123865
RPS13	2.37972897374402	2	0.304262492835255	0.660438170123865
FUZ	2.37844522841561	2	0.304457853303713	0.660438170123865
MBD3	1.05352840888679	1	0.304695859853291	0.660438170123865
RAN	2.3765990074171	2	0.304739031303895	0.660438170123865
LGI1	2.37621752811526	2	0.304797162664148	0.660438170123865
DYNC2I1	1.05241951434573	1	0.304950508361311	0.660438170123865
SYN1	1.05098281032667	1	0.30528084537796	0.660438170123865
TNS2	1.05083492149339	1	0.30531487530049	0.660438170123865
KCTD6	2.37267591996647	2	0.305337376887268	0.660438170123865
GABARAPL2	1.05028529032643	1	0.30544139109412	0.660438170123865
SEC14L2	1.04881282470987	1	0.305780662477679	0.660846856794513
MRPS27	1.04777848715321	1	0.306019276512695	0.661037710266617
MOAP1	1.04581144807707	1	0.306473723993228	0.66169437315769
STK11	1.04515124680597	1	0.306626447152217	0.661699271136138
MIR124-1HG	7.14726028086625	6	0.30744321473479	0.663136468074354
HOOK2	1.04080861307932	1	0.307633484462148	0.663221600325748
HERC3	2.35385226356311	2	0.308224726125554	0.664118216438122
UBE2L6	1.03772406075404	1	0.308351386531752	0.664118216438122
SF3B1	1.03580506462893	1	0.308799113879511	0.664756976427845
DLX1	1.03444332498202	1	0.309117338372438	0.665116464854198
WDR62	2.34347673062439	2	0.309827878820215	0.666319320807485
DDIAS	1.0294232200543	1	0.310294175187123	0.666995983613377
MIR9-3HG	10.5020610486779	9	0.311388223425036	0.668469723803458
SCP2	2.33331974369958	2	0.311405339849668	0.668469723803458
SNX14	5.94674143934844	5	0.311435758088514	0.668469723803458
DIPK2A	1.02276301562324	1	0.311864509470792	0.669063469586606
EEF2KMT	1.02024019096302	1	0.312462041954958	0.669887610962649
SEPTIN7P14	5.93542361078767	5	0.312553291881618	0.669887610962649
ELP6	1.01442029675758	1	0.313846196621044	0.672331014485802
VSTM2A	2.31479545508523	2	0.314303019694501	0.672971341433034
HMGN1	4.74446983423331	4	0.314535222964335	0.672971341433034
PDIA4	1.0111614978905	1	0.314624740800532	0.672971341433034
GOSR2	9.33589701793971	8	0.314757173562472	0.672971341433034
MAPK4	1.00887675729746	1	0.315172083635669	0.673531012550861
DCLRE1B	1.00523467639232	1	0.316047175994157	0.67483966080444
LRCH1	1.00505122992433	1	0.316091337257196	0.67483966080444
CIAPIN1	2.30232520140817	2	0.316268861154655	0.674891048693921
ELMOD3	2.29541781680464	2	0.317363044885057	0.676897512805277
GSTM4	0.997714980681735	1	0.317864048068064	0.67763556347564
PRPF31	0.997083542402834	1	0.318017235792115	0.67763556347564
UBR4	5.87602591627092	5	0.318469691270228	0.678271042230733
RFX5	0.994143488046575	1	0.318731774140885	0.678424874331482
ZNHIT3	2.28606628087397	2	0.318850435480485	0.678424874331482
HEATR1	0.989288244655029	1	0.31991639594966	0.680229883347793
PLPPR2	2.27818734744505	2	0.320109013593545	0.680229883347793
CCDC138	0.987847041475277	1	0.320269146258634	0.680229883347793
PSMD6	3.50302967353673	3	0.320369394842694	0.680229883347793
INTS3	3.50096602664576	3	0.320636852001402	0.680229883347793
ZNF691	3.4990112687268	3	0.320890378578301	0.680229883347793
CA10	2.27177161336613	2	0.321137529536496	0.680229883347793
E2F6	3.49694836313927	3	0.321158123602333	0.680229883347793
DNM1	0.983361121158893	1	0.321370405901284	0.680229883347793
SCAPER	3.49509436040171	3	0.321398923383595	0.680229883347793
LRP8	3.49508520307938	3	0.32140011314159	0.680229883347793
HNRNPU	4.67889414023739	4	0.321858965507731	0.68038770138777
FAM234A	0.980973635489136	1	0.32195854941091	0.68038770138777
PLEKHM2	0.980941134898046	1	0.321966565528239	0.68038770138777
BRD4	0.980426650423908	1	0.322093495745643	0.68038770138777
MTIF3	0.979617736970056	1	0.322293198967665	0.680482711982616
SRSF11	3.48021928694061	3	0.323336689445986	0.682358330222382
SLC25A13	0.973135310801126	1	0.323899484286734	0.683218192754462
PPP1R11	0.97097356755512	1	0.324437493948387	0.684024975256474
PIN4	0.967487817734991	1	0.32530751001612	0.685326686322021
SOX8	0.966806139957555	1	0.325478012094583	0.685326686322021
NBPF11	0.966628813200543	1	0.325522384658186	0.685326686322021
ZSCAN2	0.963837120617427	1	0.326222007743713	0.6864710000272
ATXN2L	3.4548047447706	3	0.326671273507973	0.686642940040183
MAP3K6	0.961840074261019	1	0.326723707436471	0.686642940040183
TIMELESS	0.961647679692305	1	0.326772094930447	0.686642940040183
LPCAT3	0.960962108781587	1	0.326944594167645	0.686677328151529
ZNF317	2.23409859330786	2	0.327243971304907	0.686704640006957
RPS5	0.959670621336045	1	0.327269878457158	0.686704640006957
YARS1	0.956792631248391	1	0.327996297120393	0.687416316380209
NUB1	2.22827520636656	2	0.328198193967258	0.687416316380209
ZSCAN18	2.22820432834578	2	0.328209825192562	0.687416316380209
DLD	0.955851696827949	1	0.328234257480318	0.687416316380209
RNF7	2.22530576833344	2	0.328685837984635	0.688034419541372
ZNF875	0.952643824790584	1	0.329047246267818	0.688463267881
SELENBP1	0.951576104033734	1	0.329318437832915	0.688703038321045
SREK1	2.21922104558303	2	0.329687341778437	0.689004911654538
DCAF11	3.43134576611737	3	0.329776111649114	0.689004911654538
FBXO7	4.60630590325445	4	0.330127776017915	0.68941213624254
ZNF772	2.21423607764245	2	0.330510107131802	0.689733130165966
ZNF331	0.94628102894535	1	0.330667739401485	0.689733130165966
DDOST	0.945951428842818	1	0.330751971696231	0.689733130165966
DPM1	0.945321899367855	1	0.330912933045016	0.68974174385402
FCGR3A	2.20614665152971	2	0.331849632849775	0.691366501787452
YJU2B	2.2033918257398	2	0.332307041761396	0.691991652304271
ZFAT	0.938087736055877	1	0.332770112693904	0.69213905222971
GTF3A	0.937866568032291	1	0.33282711036669	0.69213905222971
CHERP	0.937777944047411	1	0.332849953493824	0.69213905222971
NDUFB1	2.1976768798973	2	0.333257958096577	0.69265997150697
NUDT5	0.935307692985589	1	0.33348751169021	0.692809672372954
AP5Z1	2.1935454640585	2	0.333947083220383	0.693436861191334
ZNF584	0.932481031039288	1	0.334219059501313	0.693674102730899
MPDU1	2.18512608151127	2	0.335355860520749	0.695679243462185
ZNF300	4.55992007399982	4	0.335501517822486	0.695679243462185
MAP3K14	0.925041607702042	1	0.336154683423994	0.69581183466071
RAVER1	0.924830531215775	1	0.336209820883228	0.69581183466071
FKBP9	0.9240237520562	1	0.336420679624332	0.69581183466071
ZCCHC8	0.923991469335533	1	0.336429120679073	0.69581183466071
TMEM9B	0.923782216467316	1	0.336483841501581	0.69581183466071
SPARCL1	0.923664127608845	1	0.336514727676974	0.69581183466071
KANK1	3.37662786322835	3	0.337119077646763	0.696584229424168
RND3	0.920575345404359	1	0.337323950692032	0.696584229424168
MAPK14	0.920424870415275	1	0.337363439898471	0.696584229424168
TFRC	0.919071842325138	1	0.337718794224119	0.696990735334433
GFUS	0.916912102948118	1	0.338287061553836	0.697430890468301
LETMD1	2.1671152988929	2	0.338389510372926	0.697430890468301
MYO9B	2.16700718242885	2	0.338407803606038	0.697430890468301
NOL12	2.16423519744626	2	0.338877159467546	0.697968346519342
PTPN23	0.914262442974177	1	0.338985990942546	0.697968346519342
DENND2A	0.912773933581683	1	0.339379482265283	0.69806942049952
NT5C	0.91271985112661	1	0.339393790656738	0.69806942049952
WDR61	0.911878159341768	1	0.339616578435439	0.69806942049952
VPS11	2.1594604471793	2	0.339687152865694	0.69806942049952
BET1L	0.910999262217956	1	0.339849424014441	0.69806942049952
OTUD6B	2.15769328993838	2	0.339987425809453	0.69806942049952
ENO1	2.1513030737915	2	0.341075459645753	0.699976608269726
BSCL2	4.50816426827578	4	0.341580506258864	0.700686131775412
ECPAS	2.14703464293427	2	0.341804165485076	0.700818051190379
NFE2L2	0.902502285781793	1	0.342111641329736	0.701121620954418
PELP1	2.1434291772573	2	0.342420902817823	0.701278970336243
UBE2Q2	2.14292445212413	2	0.342507327940484	0.701278970336243
PCNA	0.900151676075438	1	0.34274104447779	0.701430950960131
ABCG1	0.898463393637371	1	0.343194066163776	0.701942717010645
CSTB	0.898030636374017	1	0.343310319301932	0.701942717010645
NARF	5.63333841825079	5	0.343546232197486	0.702098665987242
PLEKHG5	3.32780661551715	3	0.343791195103765	0.702272956835281
LRRC7	2.12816308875676	2	0.345044617447324	0.703920181008277
CCDC25	2.12769909948975	2	0.345124675233022	0.703920181008277
TSEN34	0.891081832160751	1	0.345184309976505	0.703920181008277
COMMD5	0.89088425071094	1	0.34523779682466	0.703920181008277
SNX9	0.888857544522693	1	0.345787090347564	0.70471344918841
BCL2L2	2.12007140207601	2	0.346443441718794	0.705724065159451
TMEM50B	0.885351450899179	1	0.346740137269447	0.705805752465135
ZDHHC8	0.885115109007444	1	0.346804509112587	0.705805752465135
VPS4A	0.882333219569375	1	0.34756342483637	0.706788180638791
COPB1	0.881364016175212	1	0.347828358416866	0.706788180638791
NISCH	4.45562692240173	4	0.347841452184344	0.706788180638791
DCAF7	0.880992222594926	1	0.347930061637786	0.706788180638791
SLC25A4	0.879069503693302	1	0.348456661517429	0.707531116045085
ADGRA3	0.876738538965583	1	0.349096525977183	0.708326737446326
RPS3	2.10430665503918	2	0.349185029242906	0.708326737446326
DNAJA4	3.28789013486471	3	0.349331672014798	0.708326737446326
CCAR2	2.10090975173807	2	0.349778607071101	0.708871233076604
EBP	0.87373792831022	1	0.349922566395932	0.708871233076604
SMC6	3.27739580007254	3	0.350801139871709	0.710323855044096
RNF103	0.865633600374395	1	0.352166955677879	0.712761284432266
INPP5B	2.08601000432225	2	0.352394144132922	0.712792921925132
CDK2AP2	0.864412830909771	1	0.352506731511406	0.712792921925132
SF1	6.66653962466444	6	0.35278874574816	0.71303534182004
SLC2A1	2.08214046134469	2	0.353076606267051	0.71328934973013
BOC	4.40488769385354	4	0.353974774653399	0.714500145778425
WRAP53	2.07628516181103	2	0.354111805522089	0.714500145778425
PARN	0.858483832691491	1	0.354163328284894	0.714500145778425
ACOT7	0.855287516482576	1	0.35506081565294	0.715778715761746
SEC23B	4.39546990512645	4	0.355122591585295	0.715778715761746
LYPLAL1	3.24451704547118	3	0.355439790494314	0.716089875672923
RNF146	3.23595122409324	3	0.356656983558909	0.717893369371452
C17orf80	2.06193659034489	2	0.356661439762761	0.717893369371452
FRMD6	0.848968543321547	1	0.356844295684745	0.71793285106199
RPL35	0.84839021279106	1	0.357008137966183	0.717934060711144
PAFAH1B3	0.846565017260218	1	0.357525897413926	0.718164325642802
NIPBL	0.846449839035273	1	0.35755860498609	0.718164325642802
TMEM169	2.05628692996106	2	0.357670372126483	0.718164325642802
CPT1C	3.22809990132191	3	0.357775815707908	0.718164325642802
VPS26C	0.843986774878431	1	0.358259034966531	0.71824436054399
SAC3D1	2.05259237280529	2	0.358331699582816	0.71824436054399
TPRKB	0.843254382906082	1	0.358467671422031	0.71824436054399
STMN3	0.842760392126365	1	0.358608488879485	0.71824436054399
PIDD1	0.842677079628231	1	0.358632245510369	0.71824436054399
VIM	0.841634857270947	1	0.358929619088132	0.718512728607012
ZNF655	0.840547736320246	1	0.359240164951026	0.718807209033036
NR2E1	0.839389695231148	1	0.359571376625643	0.718984749656484
ZNF439	2.04500764325076	2	0.359693204128067	0.718984749656484
NDRG3	2.04209190049733	2	0.360217972984567	0.718984749656484
SLC22A5	0.837125524042222	1	0.360220168532405	0.718984749656484
ATG2A	0.836611586151037	1	0.360367660507196	0.718984749656484
SPOCK1	0.835957668219635	1	0.360555444846723	0.718984749656484
AKR1C2	0.835832777339562	1	0.360591324854573	0.718984749656484
COL9A1	0.835674740783872	1	0.360636734366122	0.718984749656484
LINC00667	2.03648494858157	2	0.361229252297701	0.71977515013784
ZNF2	0.833159510136909	1	0.361360511938233	0.71977515013784
LARP1B	2.02830316810883	2	0.362710028299949	0.722136126963865
PSMD4	0.827920349813212	1	0.362874571655381	0.722136817258083
ELN	0.827112440463495	1	0.363108828083745	0.722276176351112
HNRNPLL	5.44349191175024	5	0.364181991745806	0.723936226988723
ZBTB1	0.822810113737887	1	0.364359833710255	0.723936226988723
COG5	0.822544714399555	1	0.364437200216697	0.723936226988723
CNR1	2.01744911207402	2	0.364683816844156	0.72409906387386
WDSUB1	0.81962488324217	1	0.365289863974754	0.724975100072638
PLSCR3	5.42450854119488	5	0.366294816390263	0.726641679063769
MID1IP1	3.16726771868719	3	0.366547795850976	0.726815692584577
EIF4H	3.16344409673184	3	0.367105299869948	0.726909074510843
EPHB1	2.00384053138532	2	0.367173692730651	0.726909074510843
TMEM126B	2.00323324892889	2	0.367285198729732	0.726909074510843
C11orf54	2.00149787448527	2	0.367604025704474	0.726909074510843
SLC35A5	0.811272930606776	1	0.367744175823732	0.726909074510843
NECAB3	1.99994076681992	2	0.367890336667379	0.726909074510843
GMPPB	0.809245200021905	1	0.368343501656212	0.726909074510843
RHOC	0.808451371489184	1	0.368578499612456	0.726909074510843
ANKRD49	1.99566892944313	2	0.368676960295743	0.726909074510843
UQCRQ	3.15240499957099	3	0.368718952463595	0.726909074510843
PCMTD2	0.807819942744572	1	0.368765571214664	0.726909074510843
ELP2	0.807327873308736	1	0.368911446889976	0.726909074510843
GOLGB1	5.40012131113508	5	0.369022265178195	0.726909074510843
SLC41A1	0.806902489923232	1	0.369037618022924	0.726909074510843
ATP6AP1	1.99214259710425	2	0.3693275724397	0.726909074510843
RBBP6	0.80572317869678	1	0.369387722896185	0.726909074510843
VASH2	0.805666099905977	1	0.369404679748007	0.726909074510843
BAZ1B	0.803557475823411	1	0.370031866629991	0.727817598138953
CSGALNACT1	0.799953942981233	1	0.371107140169965	0.729187542337529
GRM8	0.798951577048683	1	0.371407015705604	0.729187542337529
NAA60	4.26334399763709	4	0.371537695364022	0.729187542337529
CAPN1	3.1331446871045	3	0.371548946905575	0.729187542337529
ASAH1-AS1	0.798449450627487	1	0.371557362978263	0.729187542337529
NSD2	4.25681757263669	4	0.372363673246384	0.730137398392526
TMEM59L	0.795398059551189	1	0.372472845597412	0.730137398392526
DCTN3	1.9748249000927	2	0.372539409275314	0.730137398392526
CIAO1	0.792653458595169	1	0.37329898200063	0.731055049403408
METTL13	0.792081486521056	1	0.373471470908923	0.731055049403408
MED25	1.96964082803152	2	0.373506297410063	0.731055049403408
HSD11B1L	4.24590680144809	4	0.373747724028223	0.731202175389736
RB1CC1	0.788857579186697	1	0.374445792130439	0.731881302617748
CD99	1.96299614908423	2	0.374749275780328	0.731881302617748
AP3M1	0.787502731391669	1	0.374856314427247	0.731881302617748
AMD1	5.34834375214632	5	0.374862161601436	0.731881302617748
PDCD2L	0.787163513553907	1	0.374959197108823	0.731881302617748
SMTN	1.96116081915625	2	0.375093327899137	0.731881302617748
SMDT1	0.785776496696599	1	0.37538028330475	0.732116401762435
HDGF	0.78449496553003	1	0.375769935270897	0.732551496153104
ABCA2	0.782492045957603	1	0.376380065546488	0.732865287871338
WBP2	1.95308420313449	2	0.376611132909396	0.732865287871338
ACTR6	3.0982101536647	3	0.376729568953392	0.732865287871338
DDX46	0.780883268845059	1	0.37687114085556	0.732865287871338
ARHGAP17	0.780866638541738	1	0.376876221919358	0.732865287871338
RXRB	0.780577127155993	1	0.3769646919012	0.732865287871338
HULC	0.779631653293507	1	0.377253816970917	0.732865287871338
SUPV3L1	0.779598416927911	1	0.377263986298478	0.732865287871338
PNPO	0.778016732211199	1	0.37774838066196	0.733482286159514
SSBP2	0.776469003940292	1	0.378223224008057	0.734080202642293
CREB3L4	1.9402330103448	2	0.379038875541325	0.735338762519076
BCKDHB	0.771541990685819	1	0.379740447502184	0.736373960302326
RNF138	0.770387787568097	1	0.38009711387273	0.736373960302326
SRP54	1.93438539873341	2	0.380148733319876	0.736373960302326
USP11	1.93304455688849	2	0.380403678435061	0.736373960302326
ZNF146	0.769377652610274	1	0.380409649342175	0.736373960302326
ZMYM3	5.29633485879367	5	0.380795357708852	0.736505230611701
PTP4A3	1.93089687584848	2	0.380812390725559	0.736505230611701
PRMT2	3.0674053410512	3	0.38134890670202	0.737218677659554
SPG11	1.91734372764449	2	0.383401757719865	0.740158992907141
GOLGA8A	0.759290082000462	1	0.383550781002954	0.740158992907141
EIF1AD	0.759227378696778	1	0.383570420694095	0.740158992907141
STMN1	3.05056396669534	3	0.383894719550094	0.740158992907141
PRKD1	0.757940732861414	1	0.383973734288404	0.740158992907141
SHMT2	3.0499333422365	3	0.383990327811259	0.740158992907141
CTPS2	0.757704224931331	1	0.384047935837675	0.740158992907141
SELENOP	0.756823013570283	1	0.384324584728086	0.740367728267246
MZT2B	0.75545828448432	1	0.384753588825131	0.740520872403447
USP4	0.755414598112736	1	0.384767332919771	0.740520872403447
POLG	0.754552469576879	1	0.385038708512311	0.740520872403447
NAA40	0.753490093578421	1	0.385373491144093	0.740520872403447
PAQR3	0.753437827480241	1	0.385389972247475	0.740520872403447
ERI2	0.752044049551102	1	0.385829843258554	0.740520872403447
PRDM10	0.751094523891254	1	0.386129919145828	0.740520872403447
MAPKAPK3	0.750057078088815	1	0.386458160113237	0.740520872403447
CDK7	0.749214828591917	1	0.386724934587171	0.740520872403447
EPB41L4A-AS1	0.749031287546359	1	0.386783104268007	0.740520872403447
DEPDC5	7.41302744131099	7	0.387177573394314	0.740520872403447
CEP95	1.8960914357499	2	0.387497563529253	0.740520872403447
TSEN2	3.02609998857815	3	0.387618550726597	0.740520872403447
MED16	0.746356611968366	1	0.387632206258966	0.740520872403447
KLF11	0.746042757581563	1	0.387732016600056	0.740520872403447
PABPC1	1.89435922452867	2	0.387833322723596	0.740520872403447
MYL6B	1.89350891096456	2	0.387998247748072	0.740520872403447
FAM200B	0.744923586735126	1	0.388088228127436	0.740520872403447
WIPI2	1.89294697816217	2	0.388107277535547	0.740520872403447
BORA	0.744850148321319	1	0.388111618549967	0.740520872403447
HIKESHI	0.744560355057502	1	0.38820393847783	0.740520872403447
NGRN	0.744244546305254	1	0.388304581900147	0.740520872403447
EIF3B	0.744157642303435	1	0.388332283412207	0.740520872403447
RNF141	0.743708490129634	1	0.388475500103463	0.740520872403447
GRINA	0.743275921977329	1	0.388613500115315	0.740520872403447
SEPTIN7P2	1.88753619605713	2	0.389158681079199	0.741238579205855
SRP9	1.88551838649437	2	0.389551503260023	0.741641278125244
INTS4	1.88458896125303	2	0.389732574829852	0.741641278125244
RPL19	4.12007476788312	4	0.389999332625127	0.741641278125244
KIZ	1.88298822852067	2	0.390044628536537	0.741641278125244
SDCBP2-AS1	0.737446948133439	1	0.390479941026511	0.742148133377094
MAN2A1	0.736449034540968	1	0.390800758786974	0.74227349862061
TMEM231	1.87782673420986	2	0.391052535118727	0.74227349862061
ATP2C1	6.29152446951593	6	0.391338087046364	0.74227349862061
TMEM50A	0.73470321514651	1	0.391362928402684	0.74227349862061
EXO5	6.2910389685776	6	0.391389777922054	0.74227349862061
C1orf43	1.87410097732391	2	0.391781697415965	0.74260418770564
NDFIP2	0.733032975482701	1	0.391901846217551	0.74260418770564
PPARD	1.86996096314124	2	0.392593528265793	0.743594460513762
NSRP1	0.729774829674852	1	0.392956184690404	0.743960955776322
WDR45	2.98850439823366	3	0.393400969897631	0.744482558351884
ARMT1	0.726996517707448	1	0.393858469751007	0.744764077897089
METTL17	4.09056141064684	4	0.393888414094731	0.744764077897089
PRR14	1.86055347355978	2	0.394444537955008	0.745168649705481
NUP98	1.86051825765435	2	0.394451483376928	0.745168649705481
CARS1	2.98069842318091	3	0.394610683302425	0.745168649705481
PHTF1	0.723655187799103	1	0.394947552340641	0.74548469321637
DAP3	2.97574878217807	3	0.395379370065948	0.745808767205802
PLEKHM1	0.722092461521243	1	0.395458400437456	0.745808767205802
LIMK2	0.72084548764451	1	0.395866713864084	0.746258811647767
AHCYL1	0.719531613291906	1	0.396297591459622	0.746750988534454
RGL2	1.84993668159632	2	0.39654397314195	0.746895243630963
FAM214B	2.96705799622657	3	0.396732121341003	0.746929738723344
AGPAT4	0.71613220259043	1	0.397415554915716	0.747665834774529
COQ2	0.715987932214375	1	0.397463101796919	0.747665834774529
COLGALT1	0.714718858746892	1	0.397881702123679	0.747814731380991
PXN	2.95921829108374	3	0.397955746873369	0.747814731380991
PLEKHJ1	2.95860015192193	3	0.398052361565007	0.747814731380991
PES1	2.95739216934999	3	0.398241225412915	0.747850089396242
SKA3	1.83800008251069	2	0.398917742994066	0.748800782623945
RALGDS	4.04929431431333	4	0.399375694558052	0.749267735882562
KIFAP3	1.83504678356985	2	0.399507239800957	0.749267735882562
CRBN	1.83408118613443	2	0.399700167953034	0.749310033528323
ZNF124	0.70609726654763	1	0.400742477328742	0.750644848329537
CCPG1	0.706064076146447	1	0.400753547948557	0.750644848329537
SLC10A7	0.704790358294474	1	0.401178730754948	0.750896595452484
RNF114	0.704638632665592	1	0.401229422308626	0.750896595452484
TUBA1B	1.82501686294563	2	0.401515784930469	0.75111289754326
TMEM25	4.0303858277216	4	0.401909194168577	0.751240898508693
PI4KAP1	2.93374669765745	3	0.401953336163943	0.751240898508693
IQCE	0.702047221869861	1	0.402096651907563	0.751240898508693
CCDC43	0.701488673242238	1	0.402283930152653	0.751271645355146
GMPR2	2.92932456732115	3	0.40265078818427	0.751637591865203
ZNF35	0.698627039755138	1	0.403245413674991	0.752428226280276
PAXIP1	0.693026681848778	1	0.405136798061254	0.755636826918319
SLC35E2B	0.691774338064306	1	0.405561517513829	0.756108331507342
PPP2R2A	0.691090063616457	1	0.405793856994822	0.75622092502679
AP2M1	7.21686805259378	7	0.406654487676346	0.757355450240627
VPS26A	1.79786440398311	2	0.407004025879941	0.757355450240627
ARL6IP6	0.686927124956021	1	0.407211550155429	0.757355450240627
ZNF131	0.686847074950947	1	0.407238882262364	0.757355450240627
SIRT1	1.79585460969577	2	0.407413228631915	0.757355450240627
ZNF92	2.89915730140547	3	0.407435878869787	0.757355450240627
CAMKK2	0.685112778726818	1	0.407831697191523	0.757770935466125
NKAIN3	0.684009676469202	1	0.408209416482105	0.75801260867319
CENPU	0.683726470378872	1	0.408306473384899	0.75801260867319
TLK2	0.682231773679177	1	0.408819278679079	0.758513623049353
BAIAP2-DT	0.680373619408897	1	0.409458099321618	0.758513623049353
CARD8	0.680133161842548	1	0.40954087409709	0.758513623049353
GPC2	0.678681921541283	1	0.410040969475184	0.758513623049353
ZNF345	0.678407431525784	1	0.410135659295609	0.758513623049353
SECISBP2L	0.678283499545444	1	0.410178422195319	0.758513623049353
MAP2K4	0.678245489321682	1	0.410191538988983	0.758513623049353
USP19	5.04665220488823	5	0.410213282458232	0.758513623049353
YKT6	1.78055184138975	2	0.410542459962323	0.758513623049353
ZNF667-AS1	7.17806940710398	7	0.410577987896608	0.758513623049353
SCAF11	1.78028820553425	2	0.410596580385592	0.758513623049353
USP47	0.676632090121224	1	0.410748869773699	0.758513623049353
SBDS	0.676430951837574	1	0.410818428854834	0.758513623049353
ABCC5	5.04004357440135	5	0.41101280290952	0.758554052537168
INPP5D	0.673928723992987	1	0.411685219160758	0.759476339710157
COLQ	0.672409945247651	1	0.412212650172059	0.759754423127977
FAM89B	0.672162832384075	1	0.412298560055223	0.759754423127977
CHRD	0.672002805275618	1	0.412354208277963	0.759754423127977
TRA2B	2.85612557315551	3	0.414343791537038	0.763100500494093
CCNH	1.76057921039046	2	0.414662805787951	0.763368363271413
SLC2A6	0.664317047619448	1	0.415039987552336	0.763743039855722
TANK	0.663105746418978	1	0.415465634525116	0.764086712477596
APLP1	1.75618810858577	2	0.415574219246569	0.764086712477596
RPL36	0.661488177977503	1	0.416035051644697	0.76458261583667
SPECC1	1.75219253657873	2	0.416405277467038	0.76458261583667
CAPN10	0.659573259516719	1	0.416710639135644	0.76458261583667
TTC28-AS1	3.91984204916298	4	0.416962730079373	0.76458261583667
CEP20	0.658756444578103	1	0.416999308649512	0.76458261583667
NEDD8	0.658420028521959	1	0.417118287339692	0.76458261583667
NARS2	2.83839934422122	3	0.417217649045804	0.76458261583667
MBTPS1	2.8382943814504	3	0.417234715326969	0.76458261583667
TCF25	0.65608085481108	1	0.417946968086774	0.765568832005677
EIF2B4	0.655414270761867	1	0.418183561630135	0.765631751367126
DDX19A	0.654450463734975	1	0.41852600220461	0.765631751367126
LPAR1	1.74140652662166	2	0.418657019572134	0.765631751367126
CHL1	2.82943268950658	3	0.418677663037276	0.765631751367126
CENPT	6.03333108255538	6	0.419466693003494	0.766718554870254
PFKP	0.651377445393337	1	0.419620637010619	0.766718554870254
ERMARD	1.73046197355535	2	0.42095430651766	0.768835980093301
PDCD2	2.80954006771731	3	0.421931858977613	0.770301500947921
TMCO3	0.643205986474641	1	0.422552241858264	0.771114008171221
MPDZ	1.7212772967398	2	0.422891916823232	0.771413791036323
RPL24	0.640555345381472	1	0.423509770099342	0.772220550952284
CFAP410	0.638958340361228	1	0.424088249070527	0.772436226567126
UIMC1	0.638293043183239	1	0.424329587659973	0.772436226567126
ZFP28	0.638225276565436	1	0.424354181771219	0.772436226567126
SLC6A15	1.71406400854437	2	0.424419891232648	0.772436226567126
C19orf54	0.637402712259586	1	0.424652880510694	0.772436226567126
ASTN2	0.637322969304819	1	0.424681854442772	0.772436226567126
SFR1	0.636496106463369	1	0.424982463147177	0.772663444779365
KCNN1	0.635050039621859	1	0.425508954338266	0.773300983958551
GMFB	0.634492781988229	1	0.425712105153171	0.773350614813567
ZSWIM7	2.78405554067177	3	0.42613138922562	0.773792671269314
TOM1L2	0.631512703740555	1	0.42680098662031	0.773897229008603
TMEM59	0.630313835985334	1	0.427240220179672	0.773897229008603
ADNP	0.63011025099911	1	0.427314875997835	0.773897229008603
WASHC2C	0.629728892510684	1	0.427454775330525	0.773897229008603
SERPINB8	1.69914027950793	2	0.427598700131022	0.773897229008603
COPE	0.629264682655048	1	0.427625161439122	0.773897229008603
LIG4	1.69858256579755	2	0.427717955586651	0.773897229008603
FBXO38	1.69706420129387	2	0.428042794757791	0.773897229008603
SLC1A3	10.1406936185886	10	0.428237743138532	0.773897229008603
C6orf89	0.626576053659136	1	0.428614028404144	0.773897229008603
UBA5	1.69396926499513	2	0.428705690121692	0.773897229008603
ZNHIT1	0.625690084275107	1	0.428940640626885	0.773897229008603
GRIA3	1.69273120245634	2	0.428971154506145	0.773897229008603
ZNF644	1.69130521054376	2	0.429277118267174	0.773897229008603
HMG20A	0.624643445094989	1	0.429326968402781	0.773897229008603
KCTD15	0.624631841279552	1	0.4293312544649	0.773897229008603
PHF8	0.62458883148247	1	0.429347141412563	0.773897229008603
RNFT1	1.69058739541322	2	0.429431216724415	0.773897229008603
ERICH3	0.623847713405823	1	0.429621035077551	0.773897229008603
AGTPBP1	1.68921801218357	2	0.429725345359864	0.773897229008603
ANKMY2	0.623136164094831	1	0.429884249765352	0.773897229008603
INF2	0.622074140913469	1	0.430277565007486	0.774288351433274
TCEAL3	0.621067612998104	1	0.430650830820378	0.774638912808747
SRRM2	1.6836011624946	2	0.430933892959288	0.774638912808747
COMMD3	4.87667452736241	5	0.431115805105466	0.774638912808747
MESD	0.619486589951293	1	0.431238136318988	0.774638912808747
MIGA2	0.618777344256841	1	0.431501995608563	0.774638912808747
RASGRP2	3.81483185217189	4	0.431645237625669	0.774638912808747
DUSP11	0.618231276477218	1	0.431705314982774	0.774638912808747
PKD1	0.615959442658095	1	0.432552757431169	0.775833527912322
BRSK2	1.67531086911058	2	0.432723884485886	0.775833527912322
STK40	0.614416813636353	1	0.433129631897819	0.776244548120052
COG4	1.67107076501998	2	0.433642254794689	0.776660104821268
EPB41L5	1.67073670340369	2	0.433714692460444	0.776660104821268
FDPS	2.73522836074517	3	0.434273762229572	0.777330397366488
NDUFS5	0.610917669655464	1	0.434442500392639	0.777330397366488
MRPS12	0.607628112686854	1	0.435682267837878	0.779088318214419
ZNF85	0.607371312570422	1	0.435779277582417	0.779088318214419
ZFAND1	1.65633742699561	2	0.436848549110079	0.78058205426603
FLAD1	0.60340850897137	1	0.437280472770235	0.78058205426603
DYNLT1	0.603272291392386	1	0.437332215378536	0.78058205426603
AKAP9	1.6537927120084	2	0.437404730390787	0.78058205426603
CELF3	2.71519059918137	3	0.437651980722593	0.78058205426603
XPO6	0.6013453988935	1	0.438065155404052	0.78058205426603
LINC00847	1.65053006404378	2	0.438118861548719	0.78058205426603
REV1	1.64913083797092	2	0.438425482461253	0.78058205426603
EDA	0.600187444586254	1	0.438506516417951	0.78058205426603
ECI2	1.64629354497742	2	0.43904789462306	0.78058205426603
FAM135A	2.70662268508141	3	0.439103011400444	0.78058205426603
OXNAD1	0.598288783411391	1	0.439231678563365	0.78058205426603
GLYR1	2.70585704882978	3	0.439232867746345	0.78058205426603
WARS1	2.70566236289778	3	0.439265892607019	0.78058205426603
CEPT1	0.597887513490036	1	0.439385172382593	0.78058205426603
HACL1	1.64444190295399	2	0.439454562610889	0.78058205426603
PTPA	4.8084053692437	5	0.439707456457451	0.780715944085535
PPP2R3C	1.64175986507735	2	0.440044274821128	0.780873454116619
HYOU1	1.64127362386171	2	0.440151271658731	0.780873454116619
ABTB1	2.6991893074362	3	0.440365080649582	0.780937751893896
SLC16A2	0.592491154189702	1	0.441457418442081	0.782559341518853
ATP5MF	0.591504054179097	1	0.441838098966101	0.782918597603912
VAMP7	1.63065484487015	2	0.442494421039011	0.783765792883436
BCCIP	1.6292959178827	2	0.442795182010764	0.783982773946594
ERGIC1	0.58677974389775	1	0.443667080423418	0.784981716226372
REPIN1	1.62458044440609	2	0.443840408178808	0.784981716226372
TMEM196	0.585213184111922	1	0.444276143360664	0.784981716226372
ANKLE2	0.585020826970776	1	0.444351018988726	0.784981716226372
YWHAQ	0.584755706047872	1	0.444454250133881	0.784981716226372
MED27	0.584468589596327	1	0.444566087599293	0.784981716226372
SPOCK2	0.584358992596975	1	0.444608789249635	0.784981716226372
CCT2	0.583363174184342	1	0.444997075211675	0.7850086350329
LRP5	0.583093190043201	1	0.445102436890835	0.7850086350329
SFXN3	0.582663958080957	1	0.445270024772208	0.7850086350329
ROGDI	1.61746423011482	2	0.445422452779698	0.7850086350329
PCID2	2.66902712401088	3	0.445516496826311	0.7850086350329
PABPN1	0.580883718927588	1	0.445966139668058	0.785435087505801
PNRC2	0.580501796313911	1	0.44611569999761	0.785435087505801
YWHAE	0.578421458854791	1	0.4469317246562	0.786354587384555
ATRX	1.61014794543348	2	0.447054855474001	0.786354587384555
SLC39A3	0.577804038620798	1	0.447174357218911	0.786354587384555
PHETA1	0.576662072147428	1	0.447623664376567	0.78663505484019
DIDO1	2.65637680073996	3	0.44769157395748	0.78663505484019
SYT1	0.57495580194427	1	0.448296305674459	0.787128138907252
YIPF3	0.574870061970614	1	0.448330147331211	0.787128138907252
CENPK	0.574348744968006	1	0.448535997278913	0.787175305679433
CCDC90B	1.59985512785624	2	0.449361512921203	0.788196389442893
LENG8	0.571662391292193	1	0.449599081571138	0.788196389442893
NT5C2	5.76816225174389	6	0.449655466373856	0.788196389442893
FAM104A	0.570691155637178	1	0.449984400204976	0.788456375206837
SMARCD3	1.59580383181242	2	0.45027268372508	0.788456375206837
KRBA1	0.569791921381011	1	0.450341613124051	0.788456375206837
TBC1D2	0.569000526262407	1	0.45065635415401	0.7886934522759
COL6A1	0.568015001825188	1	0.451048781652077	0.789066245706378
SCML2	0.567535483207735	1	0.451239915014737	0.789086738065532
SENP7	1.58941710661674	2	0.451712865960297	0.789448886375846
CDKN2AIP	0.566117106804086	1	0.451806013417009	0.789448886375846
RPP38	1.58606952938646	2	0.45246957091806	0.789907418583709
RAB5IF	1.58561890307101	2	0.452571529751761	0.789907418583709
ACVRL1	0.564114325112371	1	0.452607252121634	0.789907418583709
SH2D3C	2.62389079827426	3	0.453316567258684	0.790831520350532
ZFP69	0.560050219908192	1	0.454240008912645	0.791360542220352
GLT8D1	1.57769164792239	2	0.454368914475131	0.791360542220352
TMEM106C	1.57690706646974	2	0.454547194153055	0.791360542220352
ZC4H2	0.558257723124257	1	0.454963085347098	0.791360542220352
COA6	0.557990790359497	1	0.455070918266626	0.791360542220352
SH3BP5-AS1	0.556999776633461	1	0.455471610235036	0.791360542220352
RPS11	0.556892705042287	1	0.455514935212474	0.791360542220352
BTN3A1	0.556773766056722	1	0.455563069763083	0.791360542220352
RPS24	1.57239057006552	2	0.455574834433714	0.791360542220352
EIPR1	0.556576264216801	1	0.455643016345985	0.791360542220352
CWC22	0.556390380981611	1	0.455718280016715	0.791360542220352
LRRC55	0.555982543199434	1	0.455883481130301	0.791360542220352
LARGE1	0.555796222757692	1	0.455958984535328	0.791360542220352
HTRA2	3.64344009794735	4	0.456405594345147	0.791823196816552
DCTN2	2.60388816801787	3	0.456808308516407	0.792209361535945
TRAPPC6B	0.552369695256857	1	0.4573510513128	0.792548765970231
PDP1	0.552336841124998	1	0.457364431112425	0.792548765970231
ARL2	0.550907672634594	1	0.457947056615136	0.79324582709467
SRSF10	2.59091768393409	3	0.459084019454132	0.794902172267431
DEDD	0.54735112688013	1	0.459402046650098	0.794910975529347
NUP62	0.547229949076041	1	0.459451749529004	0.794910975529347
MRS2	0.546240390663229	1	0.459857950565029	0.794910975529347
SNHG1	3.62001270264685	4	0.459866243067434	0.794910975529347
SCAMP2	0.545912131654177	1	0.459992822356114	0.794910975529347
TCP1	1.55209745239154	2	0.460220882133946	0.794992709986291
PUS7L	0.544505407798056	1	0.460571513790341	0.795286029701579
PUF60	3.61028211210214	4	0.461308975804312	0.795953830757956
HMG20B	0.542689562471878	1	0.461320217053668	0.795953830757956
FAM13C	0.541281911791771	1	0.461901945709445	0.796338349582106
ACVR1	2.57490955924072	3	0.461905213684391	0.796338349582106
NRSN2	0.540821693125508	1	0.46209238957122	0.796348875130966
DNAJC13	1.5430988365415	2	0.462296222893694	0.796388087852122
DAZAP2	1.54094392488241	2	0.46279459509283	0.796654870434367
DHRS1	0.539082135516196	1	0.462813368340111	0.796654870434367
ZNF569	0.537133500814434	1	0.463623130499501	0.797205617256163
ZNF7	0.537076420164453	1	0.463646884596956	0.797205617256163
ESD	0.537003774434879	1	0.463677118904335	0.797205617256163
ESCO1	0.53654500832954	1	0.463868124650135	0.797222357253338
COMMD6	0.535659812086863	1	0.464237028036887	0.797544706760245
CGGBP1	0.534377865401439	1	0.464772106832504	0.798152177215679
CHTF18	0.533828653637556	1	0.465001646767509	0.79823467700371
SIRT6	0.533228627459721	1	0.465252631409647	0.798353910628026
SNAP91	3.57970188422587	4	0.465863422083207	0.79890379785236
RRN3P1	1.52654437459273	2	0.466138635841136	0.79890379785236
USP39	2.55067462616353	3	0.466202611167584	0.79890379785236
RFC2	0.529906462896292	1	0.466646187073319	0.79890379785236
UQCC1	1.52365174550141	2	0.466813306705982	0.79890379785236
PCCB	1.52188800127942	2	0.467225157915564	0.79890379785236
IRF2	0.528484112515002	1	0.467244868135246	0.79890379785236
KAT14	1.52152468591885	2	0.46731004066349	0.79890379785236
MCM9	1.51979638468663	2	0.46771404145667	0.79890379785236
ZNF334	0.527043607814221	1	0.467852446921306	0.79890379785236
LEF1	0.526898548022643	1	0.467913700774129	0.79890379785236
NKAPD1	1.51741747567479	2	0.468270697023369	0.79890379785236
SEMA4D	0.525788779278571	1	0.468382745079964	0.79890379785236
TM9SF4	1.51617290726062	2	0.468562185167594	0.79890379785236
GAB2	0.525329288980629	1	0.46857717002257	0.79890379785236
SERPINB6	2.53607089567066	3	0.468807520205231	0.79890379785236
SRA1	0.524764011704434	1	0.468816534796756	0.79890379785236
PRPF4B	0.524554513474641	1	0.468905296053574	0.79890379785236
DMTF1	3.55610940579481	4	0.469398229555076	0.79890379785236
FLCN	1.51207407231408	2	0.469523449376573	0.79890379785236
COMMD10	0.523054186117633	1	0.469541753005899	0.79890379785236
LRRC41	2.5307527167497	3	0.469759006480766	0.79890379785236
GPS2	0.521890272641485	1	0.470036457494056	0.79890379785236
SMARCAD1	1.50979602068946	2	0.470058553395689	0.79890379785236
SNUPN	1.50879774788132	2	0.470293235296002	0.79890379785236
LMAN2	1.50772024579965	2	0.470546674530211	0.79890379785236
INO80E	0.520513577396883	1	0.47062268669666	0.79890379785236
PMPCB	1.50682424154752	2	0.470757527668614	0.79890379785236
VXN	0.520001638200711	1	0.470840983181746	0.79890379785236
GTPBP3	0.519102382765823	1	0.471224831281547	0.799246744302446
CHD1	1.50243927320849	2	0.471790788385683	0.799606042642024
ACSL1	1.50233384145031	2	0.471815659907397	0.799606042642024
METTL15	0.517331758508035	1	0.471982102478103	0.799606042642024
CDK1	1.50046824948708	2	0.472255972988229	0.799697431091668
GPR107	0.516357285467848	1	0.472399710317452	0.799697431091668
AP1G1	1.49897685381211	2	0.472608264581242	0.799742650107081
TRAPPC1	0.515216326110021	1	0.472889425467373	0.799910651232887
SLAIN2	0.5140867743212	1	0.473375054340937	0.800424255667605
CEMIP2	0.511802582259179	1	0.474359571483765	0.801780705374941
GPSM1	1.49016856720908	2	0.474694289308058	0.802038219122873
RABL6	0.507782754085611	1	0.476100263331273	0.803923217235197
DDX20	2.49510963591598	3	0.476175529990379	0.803923217235197
RARS1	0.506348235740006	1	0.476723964308808	0.804540289727605
DBNDD1	0.504858803700699	1	0.477372950522823	0.805307079535721
GSPT1	0.504457214832883	1	0.477548180362703	0.805307079535721
ZKSCAN7	0.503690891872338	1	0.477882850134008	0.805307079535721
PAK3	0.503306043820032	1	0.478051066013381	0.805307079535721
SERGEF	0.503208180096124	1	0.478093857359656	0.805307079535721
LUC7L2	3.49559500967734	4	0.478548448998519	0.805764195518946
PTPRG-AS1	0.500151699543636	1	0.479433474311479	0.806945434375004
YY1AP1	5.51489896769272	6	0.479657794072107	0.807014146262099
TMEM161B-DT	1.46741569445862	2	0.480125453759994	0.807492063340899
SLC8A2	0.497846739521037	1	0.480447777139075	0.807525137420245
DHX38	0.497222241987402	1	0.480723194292426	0.807525137420245
ITFG1	0.497039414607571	1	0.480803874195558	0.807525137420245
ITPA	0.49686793455578	1	0.480879566826653	0.807525137420245
KIRREL3	0.495336521388083	1	0.481556412733306	0.80835309282484
DIS3L	0.494619075773471	1	0.481874043942694	0.808577659389535
BRD2	0.493535195562799	1	0.482354558533924	0.809075266373837
MAP1LC3B	0.491961728486785	1	0.48305352495616	0.809652961024872
NAAA	1.4551991747071	2	0.483067160011202	0.809652961024872
PPP4C	1.45380610225766	2	0.483403750997422	0.809674605687169
DGLUCY	0.491074748178562	1	0.483448275246591	0.809674605687169
CD151	3.45824915804133	4	0.484254982193583	0.809963049168849
METTL26	3.45821450149401	4	0.484260298792588	0.809963049168849
MOXD1	0.48918957323167	1	0.484289040124688	0.809963049168849
EIF3L	2.44962800189512	3	0.484463247567506	0.809963049168849
CDK11A	0.488370264766758	1	0.484655194031998	0.809963049168849
AUTS2	1.44618421346513	2	0.485249490585037	0.809963049168849
BAHD1	1.44591336660187	2	0.485315209186067	0.809963049168849
ARMC10	3.45133720376816	4	0.485316101160406	0.809963049168849
HELQ	0.486892934428568	1	0.485316578634888	0.809963049168849
PIK3IP1	0.486568188002138	1	0.485462164076645	0.809963049168849
SMOC1	0.485876403888142	1	0.485772535282952	0.810173534385446
CEP192	1.44148243236552	2	0.486391600989022	0.810369480706694
MYT1	0.484375495098448	1	0.486447053268869	0.810369480706694
SLC38A5	0.484328521307589	1	0.486468188617756	0.810369480706694
GAPDH	1.44051449023391	2	0.486627057423006	0.810369480706694
CDC20	0.483281075306309	1	0.486939871195522	0.810571320084851
PLEKHA8	0.482632765027716	1	0.487232196255741	0.810571320084851
ZBTB14	0.482123653655435	1	0.487461960236737	0.810571320084851
ERCC2	1.43626493856709	2	0.487662130093782	0.810571320084851
TEX261	0.48157058700599	1	0.487711765252941	0.810571320084851
FAM76B	0.48125569300646	1	0.487854089191587	0.810571320084851
RETREG2	0.480669703304187	1	0.488119125062912	0.810589025812322
LTA4H	2.42913951346839	3	0.488233362750533	0.810589025812322
PPP2R5D	0.479729467071593	1	0.488544882473795	0.810689256514628
RMDN3	0.479194334106069	1	0.488787476953793	0.810689256514628
RPS14	1.43141255798997	2	0.488846727666392	0.810689256514628
GPSM2	1.42642647779834	2	0.490066962574443	0.811993678421639
EIF4A1	0.475986891880893	1	0.490245735017648	0.811993678421639
GTF3C6	0.475658931816497	1	0.490395250005587	0.811993678421639
API5	0.475451353486278	1	0.490489923009049	0.811993678421639
RNF126	0.475185849057425	1	0.490611059590531	0.811993678421639
THAP1	0.474738989087655	1	0.490815052527893	0.811993678421639
DISP1	0.474171337670029	1	0.491074391390188	0.811993678421639
DMTN	2.41358753469285	3	0.491110319372797	0.811993678421639
ANP32A	0.472814663848112	1	0.491695133467497	0.812345454107929
CCDC88A	7.4224299253508	8	0.491814947918825	0.812345454107929
BRPF1	3.40768934655989	4	0.492052451189767	0.812345454107929
MAPK8	3.40691992701977	4	0.492171747602054	0.812345454107929
MOB3C	1.41755085542798	2	0.492246620099507	0.812345454107929
SUB1	0.470930329996918	1	0.492559484336725	0.812556868759533
MGAT1	0.468990735424995	1	0.493451844182469	0.813409664865892
NBPF12	0.468588589235424	1	0.493637201033543	0.813409664865892
SDC3	0.46807817460035	1	0.493872629160546	0.813409664865892
PHF10	0.467607645375352	1	0.494089827181927	0.813409664865892
IL4R	0.467132488724275	1	0.49430932405123	0.813409664865892
BIRC2	2.39628550333146	3	0.494326449655921	0.813409664865892
RAPGEF2	0.466998854205031	1	0.494371085535818	0.813409664865892
GOLGA2	1.4071002584173	2	0.494825487435864	0.813833864812142
HDAC7	1.40619253507725	2	0.495050120730327	0.813833864812142
CNTN2	0.465242453452959	1	0.49518404325541	0.813833864812142
RTN1	2.38683291307825	3	0.496090378163119	0.81485599336234
CCNT2	1.40164704295648	2	0.496176523470748	0.81485599336234
GLE1	2.38449716287869	3	0.49652699513396	0.815127183500992
TMEM219	0.461602255423259	1	0.496876107532833	0.815175240891298
TFDP2	0.461493153449709	1	0.496926971539238	0.815175240891298
ZBTB49	0.460929354195287	1	0.497189958303621	0.815302549075065
DPM2	0.459540119561325	1	0.497838977343178	0.816062550262877
UBA1	1.3930890158008	2	0.498304218523196	0.816251201522943
TAF11	1.39300458112143	2	0.498325256045726	0.816251201522943
MFGE8	0.457500325509045	1	0.498794522263119	0.816715677182873
MTHFD2L	2.37117469039367	3	0.499022999350705	0.8167856907869
NNT	1.38608359384853	2	0.500052694594367	0.81777106795437
GRIA4	0.454798847481584	1	0.500064824000981	0.81777106795437
KRI1	1.38521570981607	2	0.50026973555707	0.81777106795437
ACTR1A	0.45415414297895	1	0.50036879123811	0.81777106795437
CCDC74B	0.453170740404573	1	0.500833053661071	0.818225768945538
PPIB	0.452411017779923	1	0.501192218697629	0.81844611468828
PCGF1	0.45191828610637	1	0.501425395830218	0.81844611468828
RGPD5	0.451697078595771	1	0.501530138669296	0.81844611468828
ZNF436	0.45131254306034	1	0.501712306775717	0.81844611468828
RMND5B	0.450426697784678	1	0.502132392022911	0.818473510643397
SOX5	0.450103680062057	1	0.502285722468172	0.818473510643397
BEND5	0.450026808198686	1	0.502322223850413	0.818473510643397
SNCA	0.44963731992857	1	0.502507235666696	0.818473510643397
MED24	0.449316729858765	1	0.502659607150481	0.818473510643397
LTO1	1.37437522209211	2	0.502988681539025	0.818706225539835
KLHDC4	1.37290244397786	2	0.503359213310995	0.819006222767945
METTL25B	0.447361406727808	1	0.503590650864166	0.819079764238389
ZC3HC1	1.37044103672451	2	0.503979080678606	0.81940850159871
ARAP3	0.445793519048891	1	0.50433934387052	0.819489618150198
CKMT2-AS1	0.445663247716936	1	0.504401636273894	0.819489618150198
CNOT9	0.444657935398027	1	0.504882793945758	0.819968437139381
HSDL2	0.443945609057437	1	0.505224199978272	0.82012454555969
SDAD1	0.443314310199639	1	0.505527101636755	0.82012454555969
LEMD2	0.442537104492089	1	0.505900438234114	0.82012454555969
RPL10	3.3189058874143	4	0.505942373610734	0.82012454555969
UPF3A	0.441388201702011	1	0.506453189464458	0.82012454555969
MACF1	4.30379199843082	5	0.50655628314609	0.82012454555969
LRRC61	0.440832116029924	1	0.506721101618783	0.82012454555969
RPL12	0.440410221094567	1	0.506924525550805	0.82012454555969
STAG1	1.35853231058081	2	0.506988907012335	0.82012454555969
FAM120AOS	0.439626569148402	1	0.507302749603609	0.82012454555969
PNKP	0.438968219605499	1	0.507620872636875	0.82012454555969
PIP4K2C	0.438476207511485	1	0.50785884347313	0.82012454555969
ALKBH2	0.437198348661468	1	0.508477802046848	0.82012454555969
SMIM26	0.436984448071144	1	0.508581536430808	0.82012454555969
TMEM205	2.31953504555702	3	0.508788844611248	0.82012454555969
ARHGEF2	1.35138110224943	2	0.508804943439086	0.82012454555969
PRRC1	0.436438403490229	1	0.508846514686861	0.82012454555969
PIGN	0.435983363969619	1	0.509067513002908	0.82012454555969
DSTN	0.435701140865376	1	0.509204663071843	0.82012454555969
DDX24	2.31715324938659	3	0.509242766969487	0.82012454555969
EZH1	0.435096817210251	1	0.509498556791308	0.82012454555969
CLUH	0.434591567910047	1	0.509744493726944	0.82012454555969
SNHG15	4.28061954673058	5	0.509760636389611	0.82012454555969
MAST3	0.434364884260731	1	0.509854901718606	0.82012454555969
NFYC	1.34713351798746	2	0.50988668766751	0.82012454555969
WDR41	0.43413845249043	1	0.509965228292906	0.82012454555969
SYMPK	0.432800495496622	1	0.510617977623217	0.82012454555969
ITGB1	2.30879745013385	3	0.510837644478496	0.82012454555969
UBE2T	1.34313224857806	2	0.510907805771892	0.82012454555969
CARS2	0.432174853809158	1	0.510923705760329	0.82012454555969
ZNF397	1.3427096148078	2	0.511015780626048	0.82012454555969
CRTC3	2.30750446668799	3	0.511084775077795	0.82012454555969
KHDRBS1	0.431604309698741	1	0.51120278615558	0.82012454555969
H2AZ2	0.431366632784602	1	0.511319123220707	0.82012454555969
SEPSECS	0.43095616245202	1	0.51152014652726	0.820147868912465
DCAF6	0.429345476681192	1	0.512310287719664	0.820469474538379
CCNC	3.27847990083137	4	0.512349140000072	0.820469474538379
CDIPT	0.42816015182234	1	0.512893117340598	0.820469474538379
SERINC2	0.427633178176393	1	0.513152602759659	0.820469474538379
SAMHD1	0.427339173072198	1	0.513297472093714	0.820469474538379
PFKM	3.27251569444115	4	0.513298661141834	0.820469474538379
PEX1	1.33362163313495	2	0.51334311533975	0.820469474538379
RPL13A	2.29554036613808	3	0.51337579277846	0.820469474538379
SNHG28	2.29381592297273	3	0.513706647100264	0.820469474538379
BABAM1	1.33167818002221	2	0.513842186918739	0.820469474538379
PSMA4	1.33079173291156	2	0.514069984358566	0.820469474538379
ZNF544	1.33021926534798	2	0.514217149615125	0.820469474538379
NEK6	0.425399380361853	1	0.514255080396922	0.820469474538379
SLC3A2	7.20823183288303	8	0.514341905173675	0.820469474538379
PLCB1	0.424865759032173	1	0.514519056565905	0.820469474538379
DOCK1	0.423785752564754	1	0.515054046580593	0.821024899188637
CTBP1	0.419192132229114	1	0.517340430043847	0.824370728743782
TUBGCP2	0.418174203461831	1	0.517849489976391	0.824883034015273
IGSF9	0.417461735525649	1	0.518206313819485	0.825060522845346
CSNK2A1	2.26977405705111	3	0.518336112919893	0.825060522845346
CALM2	3.23752813524334	4	0.518890920131052	0.825644814304041
SUPT6H	0.414752397414475	1	0.519567178657973	0.825905810114482
DNAJB12	0.414602681894905	1	0.519642562028182	0.825905810114482
MIER3	2.26246281484919	3	0.519750151159744	0.825905810114482
LY6E	0.41427799326442	1	0.519806112414026	0.825905810114482
ZSCAN31	0.413084402394134	1	0.520408121550963	0.826563712019189
CCT6P1	5.17687747171453	6	0.521335825965018	0.827044543185891
RPE	0.411087515220061	1	0.521418041102983	0.827044543185891
SPOCK3	0.410211366349415	1	0.52186224364807	0.827044543185891
LINC00943	2.25103537063023	3	0.52196607038958	0.827044543185891
C5orf63	0.409558170135256	1	0.522193845948081	0.827044543185891
PHF23	0.409164651595347	1	0.522393799963232	0.827044543185891
SIPA1L1	0.408745178396657	1	0.522607091270007	0.827044543185891
GABRA5	0.408719753343121	1	0.522620024209539	0.827044543185891
EXOSC10	1.2964107105654	2	0.522983504648988	0.827044543185891
IVD	0.407750722614537	1	0.523113363058397	0.827044543185891
TJP1	0.407539295213951	1	0.523221111571908	0.827044543185891
RBM10	2.24230254013128	3	0.523664222711293	0.827044543185891
TDRKH	2.24216527129147	3	0.523690948318452	0.827044543185891
ARF5	0.406540143540951	1	0.523730836234516	0.827044543185891
OSBPL5	0.406211830671054	1	0.52389851981623	0.827044543185891
WASHC2A	1.29282273630815	2	0.523922572410691	0.827044543185891
ZNF33A	1.29222075479998	2	0.52408029199572	0.827044543185891
RAD1	0.405825891394194	1	0.524095757585057	0.827044543185891
DXO	2.23654449253809	3	0.524786160514163	0.82783699208798
CYB561D1	0.404021502605076	1	0.525019659532696	0.827908376703047
NEFM	0.403350952847859	1	0.525363739832415	0.828154024294968
TALDO1	0.402827444230752	1	0.525632647783186	0.828281040827822
RPL23AP82	2.23104311543958	3	0.525859756422155	0.828342123475874
ACTR2	0.400540341248416	1	0.526810334047749	0.829542373484425
LIMA1	0.399089650743008	1	0.527559773941293	0.830425155974877
DDHD1	0.397670939272359	1	0.528294538612597	0.831284214961789
DET1	0.396669094366644	1	0.528814508355566	0.831494714670005
SERPINI1	0.396220865403166	1	0.529047441671875	0.831494714670005
AGK	0.396030811729304	1	0.52914626332632	0.831494714670005
SLC35G2	0.395957171710194	1	0.529184562610583	0.831494714670005
ATP5PD	0.395513295891192	1	0.529415522414057	0.83156052413465
PPP3CA	0.39462123294193	1	0.52988023279025	0.83199331089308
PARP1	0.394034757075133	1	0.530186150211478	0.832176548404739
FSD1	1.2678570310436	2	0.530503610280325	0.83227107849653
UFSP2	1.26693593589243	2	0.530747988701504	0.83227107849653
NOL11	0.392832830822272	1	0.530814091674117	0.83227107849653
U2AF2	0.392375006505972	1	0.531053632075429	0.832349919411167
UBL5	1.2647759859874	2	0.531321492864725	0.832473076458518
ZNF444	1.26323039364979	2	0.531732254775986	0.832819963142731
SLC1A4	0.390655493726626	1	0.53195504757053	0.832872303031396
PRPF39	0.389981987366127	1	0.532308870098271	0.833129683520355
LMNA	0.388814865967163	1	0.532923017144165	0.833794176236228
TMEM131L	0.387626645155706	1	0.533549583318926	0.834477619998803
GPATCH2L	0.386847039887073	1	0.533961404951698	0.834824834332587
SALL1	1.25214709112106	2	0.534687109322751	0.835662369154747
PLS3	0.385106975734516	1	0.534882662642848	0.835671030303106
TM9SF2	0.383925072870625	1	0.535510053524983	0.836222341662597
PDHB	2.1814276121886	3	0.535615810928498	0.836222341662597
HIF1A	2.18044603235103	3	0.535810155682991	0.836228908691907
BIN2	0.382808414102271	1	0.536104039851954	0.836390765260338
PIKFYVE	0.380083127405157	1	0.537558751331403	0.838113140921735
OGA	0.379997309319151	1	0.537604676359073	0.838113140921735
ARF4	0.379670303631428	1	0.537779737080749	0.838113140921735
ZNF568	0.378274106872851	1	0.538528355455425	0.838688671197981
RBM23	0.378270252735547	1	0.538530424616439	0.838688671197981
CUL4A	2.16486331771864	3	0.53890231898653	0.838811727793667
GPNMB	0.377051898697829	1	0.539185248607928	0.838811727793667
NR2F1-AS1	2.16308099954938	3	0.539256822504182	0.838811727793667
LRRTM1	1.23469828503494	2	0.539372343383468	0.838811727793667
NME7	0.375878550590642	1	0.539817262022924	0.839018089741284
SLC30A5	0.375750006820226	1	0.539886583439708	0.839018089741284
ENSG00000264112	0.375090548998145	1	0.540242474273934	0.839226792633306
SLC4A10	1.23088202462532	2	0.540402518585157	0.839226792633306
WDR11	0.373948557245967	1	0.540859793866424	0.83964044243718
ZKSCAN5	0.373573445423546	1	0.541062848391905	0.839659282719689
EIF3E	1.22417315853181	2	0.542218306418768	0.840429296785017
SERF2	1.22380083004555	2	0.542319257475842	0.840429296785017
KHDC1	1.2236894108529	2	0.542349470704331	0.840429296785017
ADCY6	0.371073038298618	1	0.542419950569833	0.840429296785017
RIPOR1	3.09221067578619	4	0.542514500584962	0.840429296785017
NECAP1	3.08962060797921	4	0.542941231868805	0.840641645165846
GFM1	0.369576593812212	1	0.543235151267678	0.840641645165846
ATXN7L3	0.368842666891013	1	0.543635790606644	0.840641645165846
PNPLA8	1.21891689304721	2	0.543645202317952	0.840641645165846
IPO4	1.21890202375528	2	0.543649244142587	0.840641645165846
OAT	0.368545020533929	1	0.543798426670494	0.840641645165846
SEC11A	1.21474278561436	2	0.54478100388503	0.841334250667043
MKNK1	1.21372540110599	2	0.545058200259781	0.841334250667043
CUL1	5.95433420968038	7	0.545091555341945	0.841334250667043
ZNF415	4.9884134193353	6	0.545300043939175	0.841334250667043
EIF6	1.21259080881646	2	0.545367497398703	0.841334250667043
RUVBL2	0.365386402931108	1	0.545529877164103	0.841334250667043
NRBP2	1.21179128647401	2	0.545585557731334	0.841334250667043
EXTL2	1.21049340552509	2	0.545939725186397	0.841337147152313
SULT1A1	1.21001482937805	2	0.546070377682661	0.841337147152313
FN1	4.02096640299806	5	0.546401267221291	0.841337147152313
TMEM131	0.363676106576804	1	0.546471674546264	0.841337147152313
ACADVL	2.12663105690444	3	0.546543935746739	0.841337147152313
CMAS	0.362471836315308	1	0.547136635509647	0.841954836589023
MBIP	1.20475258961687	2	0.547509046134199	0.842233223119345
BID	3.056285871211	4	0.548450680730371	0.843386746102158
GAA	1.19946276781229	2	0.548959075533392	0.84383055173127
PAXBP1	0.358890590934379	1	0.549123019339448	0.84383055173127
GTF3C2	0.357310933937697	1	0.550003480056879	0.84488833576324
NLRP2	0.355295732751983	1	0.551130544640785	0.846047460140225
RPS17	0.355273887310091	1	0.551142786107718	0.846047460140225
TRMU	3.98602437845693	5	0.551429856624312	0.846192780681691
CCNL1	1.18715463325498	2	0.552347823213025	0.847305799264348
EFS	0.352068739849216	1	0.55294439632936	0.847669485933676
NELFE	0.351878756084943	1	0.553051533776693	0.847669485933676
CHD4	3.97197734212	5	0.553457563733068	0.847669485933676
DNAJC25	0.351127429068129	1	0.553475612661164	0.847669485933676
PTGES3	0.350998220787005	1	0.553548604729767	0.847669485933676
LASP1	1.18052253146016	2	0.554182476929241	0.848080847572352
HDAC5	2.08840716282702	3	0.554261631331951	0.848080847572352
PCBP1-AS1	5.87519389472118	7	0.55439573369043	0.848080847572352
HEPH	0.348253885128287	1	0.555103231469128	0.848746630571528
KBTBD4	2.083702298547	3	0.555216929548496	0.848746630571528
CEP57	2.08167951236965	3	0.555628005306174	0.848912065437709
WRAP73	0.347177751286836	1	0.55571510091315	0.848912065437709
FUS	3.00882491530501	4	0.55634965946316	0.848912065437709
SORT1	0.345869805753864	1	0.556460496414656	0.848912065437709
ACP1	0.345746728136874	1	0.556530735710677	0.848912065437709
SUCO	0.345645149611755	1	0.556588718340882	0.848912065437709
UHRF1	1.17129286844943	2	0.556745845892153	0.848912065437709
C19orf25	1.1708493289716	2	0.556869328964936	0.848912065437709
PHF21B	1.16941553602783	2	0.557268689755239	0.848917165508415
CCDC115	0.344403329357306	1	0.557298497368535	0.848917165508415
CHEK1	0.344135603833649	1	0.557451744881379	0.848917165508415
TRIM52	1.16654474715563	2	0.558069164492981	0.849244595517298
TENT2	1.1660454625619	2	0.558208499552253	0.849244595517298
CPLX2	0.342464139366712	1	0.55841031565164	0.849244595517298
ZNF160	1.16521924725566	2	0.558439147393367	0.849244595517298
SEPTIN10	0.341460036399809	1	0.558987671222279	0.849784921547038
MAPKAPK5-AS1	1.16156644592866	2	0.559460012993719	0.850209100603447
LINC00662	2.98591085735893	4	0.560185946590131	0.850810329645849
ERCC3	2.98557344527217	4	0.56024254539663	0.850810329645849
SLC39A6	0.338794547904399	1	0.560525859470511	0.850946748343565
CENPX	1.15664128523827	2	0.560839425986203	0.851128983950077
NUDCD3	0.337393592706007	1	0.561337567114489	0.851591107336848
ZNF473	1.15366761590622	2	0.561673921711687	0.851783575891715
IGSF8	1.15303438064166	2	0.561851785734849	0.851783575891715
CTSB	1.15225071290297	2	0.5620719814313	0.85182376786177
ATF6B	1.15123587847302	2	0.562357258801937	0.851962529869418
WWC1	0.335157241684442	1	0.562637982072471	0.852094299295705
RGS12	0.333417916902363	1	0.563653392146932	0.853118639497525
SUGP1	0.333254593748251	1	0.563748920766954	0.853118639497525
PHF1	0.332687001932072	1	0.564081151249501	0.853118639497525
AMOTL2	0.332456605821335	1	0.564216117584543	0.853118639497525
SREBF1	0.332340343415922	1	0.564284247907754	0.853118639497525
MSANTD2	0.331601402268916	1	0.564717642463549	0.85323796979154
N6AMT1	0.331544250498609	1	0.564751189191263	0.85323796979154
TWNK	1.13948219346457	2	0.565671874039067	0.854335474596092
CEP295	0.3292818638649	1	0.566082258921569	0.854555492509984
USP8	1.13734624453991	2	0.566276319863501	0.854555492509984
FANCC	0.328545922977355	1	0.566516558321759	0.854555492509984
SAT2	0.327982866633874	1	0.566849270252225	0.854555492509984
CLUAP1	0.327593985762249	1	0.567079282790891	0.854555492509984
GLT1D1	1.13284463519426	2	0.567552332739529	0.854555492509984
IFT80	1.13278263272878	2	0.567569927834223	0.854555492509984
ATIC	1.13236755594244	2	0.567687732609141	0.854555492509984
AKIP1	0.326296445808055	1	0.567848056156291	0.854555492509984
FAR2	2.9400891683689	4	0.567900879489458	0.854555492509984
PDCD5	0.326116363612755	1	0.567954912370779	0.854555492509984
FNDC3A	1.13038935913846	2	0.568249509418766	0.854706341458184
WDR45B	0.324700338554976	1	0.568796511841226	0.855042726369795
SERPINE2	2.01707493198307	3	0.568870313065948	0.855042726369795
CNTNAP2	0.324263885973096	1	0.569056402929602	0.855042726369795
PFDN5	2.93045593904139	4	0.569530077431412	0.85546218597792
RABL2A	2.92925255698538	4	0.56973377215867	0.855475974719642
SPHK1	0.322085368696378	1	0.570357101725851	0.855833237214545
TBCA	0.32207902882331	1	0.57036089546972	0.855833237214545
SUOX	1.11955660720378	2	0.571335712879137	0.856019453817996
TAF1A	0.3195121374942	1	0.57190098003189	0.856019453817996
TUT4	0.319194509402621	1	0.572092117828222	0.856019453817996
FAHD2B	0.319050023465422	1	0.572179106074441	0.856019453817996
SLC25A46	0.318949789885664	1	0.572239467304446	0.856019453817996
SMUG1	0.318708550440533	1	0.572384794367657	0.856019453817996
ZC3H13	0.318136293227894	1	0.572729822911014	0.856019453817996
SON	1.99830358907525	3	0.572758875569628	0.856019453817996
DDX18	0.31807124820989	1	0.572769066104355	0.856019453817996
BPGM	0.317482443208974	1	0.573124546883667	0.856019453817996
CCDC181	1.11302192871392	2	0.573205513448825	0.856019453817996
PNMA3	0.317181299254571	1	0.573306525200306	0.856019453817996
EIF2B5	5.7154172313094	7	0.573343419565163	0.856019453817996
WDR4	0.316946696508978	1	0.573448372191282	0.856019453817996
COPS7B	0.316342088860893	1	0.573814252811727	0.856019453817996
SDHC	0.316066938948552	1	0.573980913237488	0.856019453817996
TTC8	0.316025704261961	1	0.574005897630758	0.856019453817996
SMOX	0.315765587448141	1	0.574163553743844	0.856019453817996
EXOC4	0.315219346946833	1	0.574494906966246	0.856019453817996
CSRP2	0.314951387492329	1	0.574657591073164	0.856019453817996
TMEM234	0.314939102493696	1	0.57466505174881	0.856019453817996
MVB12B	0.314771194860441	1	0.574767041183388	0.856019453817996
SNRPA1	1.10583895574473	2	0.575267874557469	0.856475325762948
RPL37A	1.10360062692416	2	0.575912054293332	0.857090484888998
NDUFS4	0.312074290633518	1	0.576410098449321	0.857090484888998
GART	2.889543996258	4	0.57647682944536	0.857090484888998
PSMC5	0.311444142590517	1	0.576795350910566	0.857090484888998
PLXNA1	0.311320630008595	1	0.576870922476511	0.857090484888998
PLPPR5	0.311133571406117	1	0.576985412316278	0.857090484888998
FMR1	6.62976716074263	8	0.577052496688318	0.857090484888998
FAM50A	0.310717694659616	1	0.577240112833382	0.857090484888998
AIFM1	0.310147391453256	1	0.577589754147871	0.857205208277431
MSH3	0.309955988883047	1	0.577707193573057	0.857205208277431
NUF2	0.308958522780586	1	0.578319981586772	0.857825051945573
WDR47	1.9655886801047	3	0.579579533886062	0.859403503044807
GRSF1	1.09014357468482	2	0.579800159533252	0.859440883595296
ATG9A	1.96271368810812	3	0.580181572214986	0.859608532938242
CHCHD7	0.305743172174516	1	0.580304168779818	0.859608532938242
ANKMY1	0.305272405297188	1	0.580595820597553	0.859750982824255
MRC2	1.08378251628176	2	0.581647166544576	0.861017919374973
PSME2	0.303006627892557	1	0.582003645859627	0.861184372592325
B4GALNT1	0.302705629947468	1	0.582191184626801	0.861184372592325
STAT3	0.302455616410882	1	0.582347049588353	0.861184372592325
IGSF3	0.301908375905441	1	0.582688506632419	0.861310674900355
RASA4	1.07929350576069	2	0.582954142878598	0.861310674900355
SNAPC4	0.301196354055378	1	0.583133384547438	0.861310674900355
VCP	2.85010037413667	4	0.583215823068044	0.861310674900355
COPG1	0.300582443916937	1	0.583517510981595	0.861466939676755
PAN2	1.94427323479522	3	0.58405318115985	0.861968419711751
PRRC2A	0.298226578335488	1	0.584996338668469	0.862201505518433
POR	0.298152235642192	1	0.58504312847451	0.862201505518433
VRK3	0.298062781941098	1	0.585099438885951	0.862201505518433
NCK2	0.297857666827667	1	0.58522859868132	0.862201505518433
GDI1	0.297841213585343	1	0.585238961692858	0.862201505518433
PDE4B	1.93793757950561	3	0.585387379599372	0.862201505518433
CYBC1	4.6782617450674	6	0.585689345443418	0.862357462758672
TMEM143	0.29677055029714	1	0.585914114831096	0.862399691106815
MAU2	0.296220180713135	1	0.586261789014039	0.862622732714535
FTH1	1.93165775573289	3	0.58671184089319	0.862873665867357
MVD	0.295330456287957	1	0.586824723649219	0.862873665867357
TTLL1	0.294733916850646	1	0.587202773585994	0.863140975344653
MRPL27	0.292939753709618	1	0.588342796653003	0.86417431022118
ATXN7L2	0.292788813638026	1	0.588438910673744	0.86417431022118
DENND4A	0.292401055080965	1	0.588685970368997	0.86417431022118
NKIRAS1	1.92162924202216	3	0.58883108926968	0.86417431022118
SH3GL3	0.291225836632066	1	0.589436054195856	0.86417431022118
RPL26	0.291217915574975	1	0.589441116441143	0.86417431022118
TP53BP1	3.72600131419313	5	0.589499379282969	0.86417431022118
PRKRIP1	1.05640388731263	2	0.58966426663042	0.86417431022118
SMARCA4	6.51536969241306	8	0.589703338706477	0.86417431022118
PTP4A1	1.05472361824138	2	0.590159872103725	0.86417431022118
EEF1G	0.290090453323501	1	0.590162571497378	0.86417431022118
CNOT10	0.289896810284063	1	0.590286664249499	0.86417431022118
COQ9	0.289626208552818	1	0.590460164214335	0.86417431022118
GFOD2	1.05220086478221	2	0.590904755723802	0.8645372972965
H2AC6	0.28799175072993	1	0.59151034700009	0.865135519157431
SAT1	0.287592831814436	1	0.591767245664763	0.865223519426073
SLC25A26	1.04828336824335	2	0.592063323692553	0.86536872635422
MPV17	0.286716207260724	1	0.592332587612909	0.865474657914143
GTPBP1	0.284993941882476	1	0.593446536190194	0.866814302944029
UTP4	0.283988791157753	1	0.594098660516492	0.866956816243528
TCEA1	0.283815724906162	1	0.594211092389081	0.866956816243528
LSM4	0.283784727393993	1	0.594231234459061	0.866956816243528
ZNF423	0.283628755360951	1	0.594332605951396	0.866956816243528
NXN	0.28290078991526	1	0.59480620900297	0.867209035763541
HSP90AB1	1.89214531904145	3	0.59509118910627	0.867209035763541
ENOPH1	0.282235090078757	1	0.595239987796315	0.867209035763541
DDAH1	0.282151898532902	1	0.595294242603486	0.867209035763541
CALR	0.281240764292306	1	0.59588912679666	0.867523372484861
PRRG1	0.281001914576336	1	0.596045277223945	0.867523372484861
CKAP2	1.88740486380811	3	0.596101780729707	0.867523372484861
TIAL1	1.03237442205068	2	0.59679165623766	0.867864017032972
BTBD2	0.279685728528648	1	0.596907275365446	0.867864017032972
PIP4P1	1.03164298835964	2	0.597009952914565	0.867864017032972
C12orf76	0.279353644736148	1	0.597125174065887	0.867864017032972
SLC39A9	1.0280040196385	2	0.598097191994303	0.868465646372107
MEF2A	0.277483953841895	1	0.598355084449324	0.868465646372107
TRIM26	0.277354813966667	1	0.598440229846681	0.868465646372107
SLC25A1	0.277309019224049	1	0.5984704296352	0.868465646372107
TMEM259	0.276984718637323	1	0.598684384002833	0.868465646372107
FAM86DP	1.8751295061125	3	0.59872392901324	0.868465646372107
TBP	0.276092838823388	1	0.599273619521766	0.868962383630583
CARHSP1	1.87168276328885	3	0.599461544323599	0.868962383630583
PDHX	0.274724257970547	1	0.600180161702185	0.86921636287338
IRF2BP2	0.274687485644336	1	0.600204559216239	0.86921636287338
APEX1	2.7515210289821	4	0.600229671224751	0.86921636287338
RPS6KA3	0.27389083259499	1	0.600733630233411	0.869659810983061
SERINC3	0.273590933943751	1	0.600933052059347	0.869662245132282
ARNTL	4.56077322903002	6	0.601246526345298	0.869829678574546
TIPARP	0.272730515836429	1	0.601505972798792	0.86991886496846
TMEM117	0.271609867985873	1	0.602253898091032	0.870714215583287
AMT	1.853588811154	3	0.60334341190089	0.871907085311731
CYYR1	0.269629802822919	1	0.603580211806579	0.871907085311731
TPP2	0.269490532382065	1	0.603673732327017	0.871907085311731
OGFOD2	0.268726666454825	1	0.604187216850044	0.872362238905611
CCDC117	0.267605374303457	1	0.604942649495318	0.87316631850358
FAM149A	0.266462232242702	1	0.605714870828075	0.873192066282605
TOP2B	1.00219745280992	2	0.605864614429162	0.873192066282605
HEXA	1.84040685356996	3	0.606181673292894	0.873192066282605
RNF135	0.265766286909894	1	0.606186027400218	0.873192066282605
KEAP1	0.265739521091746	1	0.606204163507226	0.873192066282605
TTC26	0.265578433965118	1	0.606313338090865	0.873192066282605
DIMT1	2.71497374218234	4	0.606596954360117	0.873192066282605
FBXL5	0.998295610688729	2	0.607047762204015	0.873192066282605
JKAMP	0.998253221559025	2	0.607060628453525	0.873192066282605
THUMPD1	0.264148703080991	1	0.607284159472606	0.873192066282605
RANGRF	1.83479849506313	3	0.607391828949256	0.873192066282605
SURF4	1.83417797056609	3	0.607525818954229	0.873192066282605
GCFC2	0.263770466199503	1	0.60754154679963	0.873192066282605
PHF20	1.82749017886647	3	0.608971114452998	0.874497420654933
MFSD6	0.260629449121581	1	0.609688044315815	0.874497420654933
FHOD3	0.260293148001438	1	0.6099188297279	0.874497420654933
HADHB	0.26021404302719	1	0.609973142521504	0.874497420654933
NABP2	0.988211708214635	2	0.610116196367029	0.874497420654933
RINT1	0.259954443547031	1	0.610151454411618	0.874497420654933
HNRNPA3	1.8213270515862	3	0.610304964150159	0.874497420654933
JAZF1	0.987270388315665	2	0.610403421212504	0.874497420654933
KIAA1586	0.259542372108626	1	0.610434725677365	0.874497420654933
PRPF40B	0.259537361002231	1	0.610438172217063	0.874497420654933
IP6K2	1.81941943123206	3	0.610718195442539	0.874613683997489
FSCN1	0.258270382706542	1	0.61131092269489	0.875141633890404
SNAPIN	0.258018399889011	1	0.611484820587816	0.875141633890404
ZNF446	0.257658407073549	1	0.611733443546989	0.875212649550962
WARS2	0.25648252279143	1	0.612547073177608	0.876091716369145
LINC01018	0.979603618296096	2	0.612747823164067	0.876093929218324
NASP	1.80728138749873	3	0.613351707563067	0.876394179331853
THUMPD3-AS1	0.255290401157026	1	0.613374333686131	0.876394179331853
KIF1A	3.56513481078491	5	0.613555633961523	0.876394179331853
BRD3OS	0.254509171048539	1	0.613917776273783	0.876400669746106
DNAJC8	0.25437058615762	1	0.614014288525334	0.876400669746106
YTHDC2	0.254132513738796	1	0.614180162150887	0.876400669746106
BIRC6	0.253878474348994	1	0.614357268037118	0.876400669746106
NCL	3.55481038350263	5	0.615110834219704	0.877191131289967
KXD1	0.251225116111073	1	0.616213753623679	0.878400744734752
HAUS4	0.251018967267271	1	0.616358503467814	0.878400744734752
RPL8	0.96456287943829	2	0.617373283948195	0.879561938064192
TRAPPC12	0.248604352624511	1	0.618059514522246	0.880061151434703
BCAP31	0.248360805797347	1	0.618231656694001	0.880061151434703
SLITRK3	0.248230217934861	1	0.618324001349075	0.880061151434703
ADORA1	0.247346187154335	1	0.618949938631721	0.880433384214919
SMG8	0.247271267939141	1	0.619003049225554	0.880433384214919
DIPK1B	0.247013163435525	1	0.619186097630001	0.880433384214919
DAGLB	0.246508193118643	1	0.619544569106984	0.880500838316119
SLC26A6	0.246302936120259	1	0.61969040905687	0.880500838316119
RAB40B	0.245830894268011	1	0.620026093540033	0.880500838316119
E4F1	0.245819283107267	1	0.620034355676448	0.880500838316119
HERC2	0.244445161724343	1	0.621013858475162	0.881607149636464
FARP2	0.242804561145817	1	0.622187810595955	0.882247536602727
STARD7-AS1	0.242658627415594	1	0.622292473819149	0.882247536602727
PDGFD	0.242626945617758	1	0.622315201073923	0.882247536602727
TOLLIP	0.242012281974894	1	0.622756501528528	0.882247536602727
SCAMP5	0.945724354369304	2	0.623215958636885	0.882247536602727
ATRAID	0.241245251936334	1	0.623308171392652	0.882247536602727
PRUNE2	0.241042510452075	1	0.623454170717345	0.882247536602727
FLII	0.240328076544756	1	0.623969260980438	0.882247536602727
COA1	0.240323992836551	1	0.623972207967457	0.882247536602727
ADH5	0.240314634589595	1	0.62397896141536	0.882247536602727
YEATS2	0.239094994532024	1	0.624860522767145	0.882247536602727
PKP4	0.937972638852898	2	0.625636142159024	0.882247536602727
RAI2	0.23793694729693	1	0.625700146874208	0.882247536602727
CFAP20	0.237913096488228	1	0.625717466095211	0.882247536602727
MIR9-1HG	3.48434510725451	5	0.625757725681435	0.882247536602727
LDAH	0.937339268169126	2	0.625834303330313	0.882247536602727
TXNDC9	0.237699587500629	1	0.625872553144336	0.882247536602727
DPH2	0.237323857870251	1	0.626145682267811	0.882247536602727
ZNF341	1.74841820258598	3	0.626223506840628	0.882247536602727
ZNF638	0.934708667237601	2	0.626658005069862	0.882247536602727
ANTKMT	0.236587969214831	1	0.626681397788687	0.882247536602727
DPY19L2P4	0.236384457373731	1	0.626829733090125	0.882247536602727
IKBKG	0.236294278900687	1	0.626895487437048	0.882247536602727
RAB40C	1.74526424363467	3	0.626917845018406	0.882247536602727
RAI14	0.933675666276031	2	0.6269817578328	0.882247536602727
PMF1	0.236076596468934	1	0.627054276243757	0.882247536602727
XPA	0.235840176304691	1	0.627226835863543	0.882247536602727
LSM1	0.235746267394916	1	0.627295408265333	0.882247536602727
TOX3	0.235260549710176	1	0.627650349565538	0.882247536602727
FAM124B	0.235148608665554	1	0.627732215366078	0.882247536602727
STX6	0.23480400903702	1	0.627984382457538	0.882247536602727
CALHM2	0.234265221562794	1	0.628379108355176	0.882247536602727
ADRM1	0.234222984735879	1	0.628410075527879	0.882247536602727
HNRNPH1	3.46621680313547	5	0.628505509035297	0.882247536602727
GGCT	0.234013653021179	1	0.628563604118796	0.882247536602727
RPL15	1.73608641391183	3	0.628940984945909	0.882247536602727
ASXL1	0.233443810464166	1	0.628981969210729	0.882247536602727
AMMECR1L	0.233193359293864	1	0.629166043865973	0.882247536602727
INTS7	0.926331143061361	2	0.629288431633187	0.882247536602727
THNSL1	0.232242274907549	1	0.629866176844194	0.882708340105142
MED23	1.73120551010106	3	0.630018526509786	0.882708340105142
UBOX5	0.231591354663806	1	0.630346365343446	0.882886405981043
CORO1A	0.231031085395898	1	0.630760345969829	0.883184973440086
CORO1C	0.230159117680159	1	0.631405870232041	0.883463223053312
POLR3E	0.919420063497284	2	0.631466724263955	0.883463223053312
ZNF180	0.229680674150131	1	0.631760704922846	0.883463223053312
OGT	0.918483232988365	2	0.631762582197059	0.883463223053312
PDS5A	0.229194179245951	1	0.632121977167212	0.883587237140657
ACOT8	0.228486504182058	1	0.632648340669373	0.883587237140657
TSC22D4	0.228100166606509	1	0.632936118395589	0.883587237140657
LRRC42	0.228067654017195	1	0.632960350241996	0.883587237140657
FAM193B	1.71764471169718	3	0.633018123623132	0.883587237140657
AUP1	1.71677955415726	3	0.633209782685217	0.883587237140657
SMC2	0.227669042462594	1	0.633257610611039	0.883587237140657
ZNF226	0.227064517430335	1	0.633709039026247	0.883621683176479
CERS4	0.22690024866597	1	0.633831833943457	0.883621683176479
CBLL1	0.226829093599008	1	0.6338850410236	0.883621683176479
DYNC2LI1	0.22604122677285	1	0.634474863570452	0.883776652156217
ZMYM1	0.909789481215569	2	0.634514753070546	0.883776652156217
ITPK1	0.909523760996763	2	0.634599060370471	0.883776652156217
DNPH1	0.225444430760547	1	0.63492248376875	0.883947161638165
RHOT1	3.42058270769485	5	0.63543705418454	0.884383596298609
SCN3A	0.224244859676958	1	0.635824409621935	0.884560932249501
DDX39B	0.905218064361179	2	0.635966727551824	0.884560932249501
SLC39A1	2.54640624633703	4	0.636345757929296	0.884678059901739
RTEL1	0.223410815793386	1	0.636453247278104	0.884678059901739
HAVCR2	0.22310653589976	1	0.636683020372592	0.884717827361346
ZNF235	0.222267586029375	1	0.6373175368856	0.884956994896712
ZBED8	0.222200420696026	1	0.637368398774657	0.884956994896712
TMEM108	0.221974096327358	1	0.637539855270211	0.884956994896712
ANAPC15	0.221263584696544	1	0.638078812324689	0.884956994896712
MRPL24	0.221106418640829	1	0.638198173002893	0.884956994896712
U2AF1	1.69150997428051	3	0.638822969542232	0.884956994896712
SRSF4	0.220140586254274	1	0.638932819581466	0.884956994896712
PINX1	0.220050349636153	1	0.639001557156282	0.884956994896712
ATP7B	0.219834542689398	1	0.639166017457206	0.884956994896712
PHTF2	1.68773740110601	3	0.63966348475145	0.884956994896712
ZNF821	0.893421876957291	2	0.63972880253152	0.884956994896712
FTO	0.219029598986239	1	0.639780312012266	0.884956994896712
ATAD1	0.892874950543273	2	0.639903768743797	0.884956994896712
PPAN	0.218815636896608	1	0.639943829103391	0.884956994896712
POP1	0.218794940606927	1	0.639959651078178	0.884956994896712
TTK	0.892164004106689	2	0.640131277830167	0.884956994896712
ABHD12	0.217866605498784	1	0.64067028792919	0.884956994896712
HNRNPUL1	0.217663422105943	1	0.640826069888628	0.884956994896712
DOP1A	0.217602978793479	1	0.640872429234615	0.884956994896712
HFM1	0.217593764460574	1	0.64087949721374	0.884956994896712
RBM22	0.217143917128851	1	0.64122478052935	0.88503250480839
ZCCHC10	0.888401525498011	2	0.641336651392528	0.88503250480839
IFT27	0.886983442424025	2	0.641791546968433	0.885118886674802
DNAJB11	0.88695162375052	2	0.6418017575275	0.885118886674802
ASB13	0.885374435824815	2	0.642308078133281	0.885539475746135
HES6	0.215141348040561	1	0.642767169568275	0.885894707540354
STRBP	0.882837105216481	2	0.643123469226424	0.886005379604387
TRIM36	1.67167035183866	3	0.64325038132715	0.886005379604387
LMF2	0.213328498667579	1	0.644170976088478	0.886746487905252
DNM2	0.878996598322829	2	0.64435961576242	0.886746487905252
KLC4	0.878892020403327	2	0.644393309537332	0.886746487905252
AKT2	0.877969532224483	2	0.644690600699244	0.886878092547788
PPFIA2	0.212079486896272	1	0.645142383096451	0.887119983174183
RPN1	0.211915915373538	1	0.645269855883177	0.887119983174183
MMS19	1.66153580830905	3	0.645518844992508	0.887184962586578
AURKA	2.4905341861886	4	0.646331592020564	0.887879950668614
IGHMBP2	0.210370930812815	1	0.646476827503331	0.887879950668614
ING5	0.210175136172438	1	0.646630168711135	0.887879950668614
FBXO34	0.870467881526565	2	0.647113263198233	0.887884941730217
FNTA	0.869434280479254	2	0.647447778102812	0.887884941730217
FBXW5	0.869053939103196	2	0.647570915400417	0.887884941730217
TTC1	1.65188703695821	3	0.64768283354428	0.887884941730217
DPP10	0.868293846173628	2	0.647817069209492	0.887884941730217
PLA2G6	0.867816225070783	2	0.647971793235141	0.887884941730217
RFC4	0.207976218347312	1	0.648358268572663	0.887884941730217
RPAIN	5.09509899641068	7	0.648358936192236	0.887884941730217
TACC3	0.207858924443826	1	0.648450757807516	0.887884941730217
BLVRA	0.20718027523867	1	0.648986509693709	0.887894506010795
ZNF322	0.206951604139704	1	0.649167270068251	0.887894506010795
FXR1	0.863798328223083	2	0.649274843590092	0.887894506010795
ZNF585B	0.206565949420849	1	0.649472396404935	0.887894506010795
CCDC91	0.206360007563944	1	0.649635476420934	0.887894506010795
IST1	1.63927709092241	3	0.650517154585455	0.887894506010795
PRPF4	0.20506816337388	1	0.650660699933069	0.887894506010795
STX8	0.205006470856517	1	0.650709757139798	0.887894506010795
AKAP17A	1.63829475513649	3	0.650738246723422	0.887894506010795
MED13L	0.204926776414254	1	0.650773142446106	0.887894506010795
NADK2	0.204880217824041	1	0.650810179887197	0.887894506010795
XPNPEP1	0.858858820145542	2	0.650880374574535	0.887894506010795
SMPDL3A	0.204325522150953	1	0.651251831834231	0.888103044870131
CBWD5	1.63519085330697	3	0.651437112949305	0.888103044870131
DNMT3A	0.853887587972793	2	0.652500225633816	0.889276725236295
MYBBP1A	0.202239812815606	1	0.65291897557797	0.889417145369634
CDHR1	0.851847231568684	2	0.65316623180557	0.889417145369634
GGT5	0.20187709720534	1	0.653209954421082	0.889417145369634
RIC8A	0.201096744236565	1	0.653837038287872	0.889733473925041
TNXB	0.201084508842925	1	0.653846882156829	0.889733473925041
PRNP	1.62265235357518	3	0.654264527381065	0.890026412441053
C3orf18	0.200143686126495	1	0.654604891713928	0.890214073518198
AARS1	4.15979996480019	6	0.655061118311437	0.890376267128914
TRO	3.29136948424639	5	0.655163267150373	0.890376267128914
LCP1	0.199244311011228	1	0.655331509025988	0.890376267128914
CASP8AP2	0.198401801256239	1	0.65601397033127	0.890797742890825
SFXN5	0.198361308810263	1	0.656046814284535	0.890797742890825
PLCD1	0.197433251612154	1	0.656800677217701	0.891546104445508
ZNF174	0.196679657556615	1	0.657414385747049	0.891827481446392
CTIF	0.196632385861903	1	0.65745292952687	0.891827481446392
FUBP1	0.837140639766517	2	0.657986858406237	0.891827481446392
TAB2	0.837064880725848	2	0.658011783104885	0.891827481446392
ANKRD11	0.195633649252329	1	0.658268565438726	0.891827481446392
CCDC107	0.835825873279987	2	0.65841955014781	0.891827481446392
FAM229B	0.195439476572403	1	0.658427428889594	0.891827481446392
DDX39A	0.194981182664378	1	0.658802759040795	0.892061125080486
RAB5B	0.19446945540767	1	0.659222473030364	0.892150752163696
EXTL3	0.833230103609822	2	0.65927465769259	0.892150752163696
NSMCE2	0.193438329967705	1	0.660070200395902	0.892181740212644
SLC50A1	0.193092489779588	1	0.660355132547515	0.892181740212644
ENSG00000288663	0.193085589598326	1	0.660360820592229	0.892181740212644
PAK6	0.829320659477048	2	0.660564616758779	0.892181740212644
PTGR2	0.192087728035375	1	0.661184670343078	0.892181740212644
POLR2H	0.192079728023018	1	0.661191285573621	0.892181740212644
PRC1	0.191902168196748	1	0.661338152534861	0.892181740212644
SLC66A1	0.19175937233129	1	0.661456323572647	0.892181740212644
PTOV1	3.24964139076928	5	0.661559938970204	0.892181740212644
PRPF38B	0.191446887976589	1	0.661715103742894	0.892181740212644
PEX5	0.825587716734844	2	0.661798693030474	0.892181740212644
CZIB	0.191153087455973	1	0.661958640729346	0.892181740212644
EEPD1	0.190991914869414	1	0.662092334536819	0.892181740212644
FPGS	1.58789519109678	3	0.662137608015932	0.892181740212644
SNU13	0.189877712316047	1	0.663018415970545	0.892826408971873
PRXL2B	3.23937703788761	5	0.663135036354244	0.892826408971873
HARS1	0.820794171761008	2	0.663386776306728	0.892826408971873
HMGCLL1	0.189386065216013	1	0.663428081973643	0.892826408971873
PGS1	0.188802369986206	1	0.66391526925859	0.893208734842239
PPP2R2B	1.57915658462116	3	0.664125104302053	0.893217800831935
FDXR	0.187862898847243	1	0.664701292142685	0.893612609652993
CRYBB2P1	0.187459201195637	1	0.665039769179252	0.893612609652993
PLPPR1	0.187013070062676	1	0.665414328009297	0.893612609652993
SAMM50	0.186625880593056	1	0.665739831208746	0.893612609652993
CAPNS1	0.186500299806902	1	0.665845490756292	0.893612609652993
RPS6KC1	1.57104436056329	3	0.665972990458126	0.893612609652993
SLC4A2	0.186189340249939	1	0.666107303686696	0.893612609652993
TNPO2	0.186118154961832	1	0.666167274736402	0.893612609652993
MIR762HG	0.186023157761525	1	0.666247327660792	0.893612609652993
ZNF627	0.18518914174274	1	0.666951185131964	0.89415301164935
DPF1	0.185057254328186	1	0.667062661809004	0.89415301164935
DDX47	0.184823731881806	1	0.667260160125777	0.89415301164935
NEIL1	0.183650572114544	1	0.668254586549197	0.894680162191304
LSM14A	0.804990679998468	2	0.668649454825871	0.894680162191304
PCSK6	0.183055563557581	1	0.668760381787002	0.894680162191304
ASH2L	0.182733319218414	1	0.669034716101595	0.894680162191304
CUTA	0.18271282321831	1	0.669052174511124	0.894680162191304
SUGP2	0.182690597524925	1	0.669071107575254	0.894680162191304
DCUN1D2	0.182683038126243	1	0.669077547395907	0.894680162191304
CPT2	0.182302224448108	1	0.669402165123965	0.894842164807051
DBF4	0.181490229463222	1	0.670095676532569	0.895497048128301
TMEM14B	0.181009627731555	1	0.670507014370603	0.895611703181969
WDR83	0.180914214249327	1	0.670588753655803	0.895611703181969
PRMT7	0.797315658064662	2	0.671220334175627	0.895705297919544
RWDD4	0.180043122005372	1	0.671336184794163	0.895705297919544
PDIA6	0.796951580930909	2	0.671342533285457	0.895705297919544
IQCB1	0.179883380667889	1	0.671473480500395	0.895705297919544
TUBB4B	0.179458482956761	1	0.671839025279973	0.895921174403069
MICAL1	0.177347964333421	1	0.673662334312485	0.897864720049196
PITRM1	6.64809080977284	9	0.673704769477569	0.897864720049196
MYO1C	0.176872249291534	1	0.674075074176379	0.89808608792115
MTMR2	6.64156517080482	9	0.674381056082172	0.898221648894426
PPP1R26	0.78695402734138	2	0.674706826431926	0.898383476429794
TVP23A	0.175780326566382	1	0.675024924681919	0.898534993568729
EIF4G2	1.52878674073145	3	0.675642479389022	0.899084909032653
POLR2M	0.174493692998112	1	0.676148614085721	0.899330374403299
PEPD	0.174393966695789	1	0.676235913631585	0.899330374403299
LAMTOR4	0.173563130189393	1	0.676964362665938	0.900021418445914
C20orf27	0.173334907178287	1	0.677164818926223	0.900021418445914
UBXN1	0.778323722256118	2	0.677624580058012	0.90009714716371
MFN2	4.85294856002292	7	0.677903048576426	0.90009714716371
GLO1	0.172285707849369	1	0.678088364922383	0.90009714716371
C11orf49	1.51788618686624	3	0.678148403069038	0.90009714716371
CTNNAL1	0.171909162373595	1	0.678420618671879	0.90009714716371
IFT122	2.3123131945531	4	0.678528148892495	0.90009714716371
PRMT9	0.171644482834239	1	0.678654420189828	0.90009714716371
GAREM2	0.170058244305977	1	0.680060049316392	0.90168950765556
FAM110B	0.169779831645428	1	0.680307552401457	0.901745815389272
SNHG20	0.768318310329278	2	0.68102303022131	0.902363683815819
NOL10	0.767845504501508	2	0.681184045081518	0.902363683815819
AKAP12	0.766314595572794	2	0.681705660060663	0.902670067306971
ELK1	0.168077784967409	1	0.681825821644783	0.902670067306971
CIDECP1	1.49929849648845	3	0.682432246447106	0.902957535339841
PKIG	0.167376965598578	1	0.682453580597916	0.902957535339841
SUN2	0.166595288529606	1	0.683155580413518	0.903610361910364
CARM1	0.166370396848585	1	0.683357904436987	0.903610361910364
CD9	0.16495356939447	1	0.684636236465823	0.904578304445007
CASTOR3	0.757340430791828	2	0.684771402499089	0.904578304445007
SRSF2	1.48829639199175	3	0.684974139433583	0.904578304445007
C12orf57	0.164404629173873	1	0.685133236517076	0.904578304445007
MASTL	0.75627097130274	2	0.685137668054034	0.904578304445007
HDHD2	0.164194222837978	1	0.685323990543602	0.904578304445007
APTR	0.163597213115054	1	0.685866014353805	0.905022121550566
HLTF	0.162276415395354	1	0.687069266050742	0.906079017343592
CUL7	3.92312503299354	6	0.687079018381282	0.906079017343592
TAF2	2.26064388687428	4	0.687943320123589	0.906946859083796
C11orf80	0.160960684275665	1	0.688273574107568	0.906964804622795
DMXL1	0.160809819344621	1	0.688412027777503	0.906964804622795
CLCN6	0.160400081160333	1	0.688788438700385	0.906964804622795
AP2S1	0.745328483317508	2	0.688896496762432	0.906964804622795
NOSIP	0.160183050258411	1	0.688988042802355	0.906964804622795
CACNB3	0.159276000027603	1	0.68982396232085	0.907456590030789
RECQL4	0.159126916697062	1	0.689961618429079	0.907456590030789
KLHL7	0.742183491148353	2	0.689980635985211	0.907456590030789
ARAP1	0.158676544474361	1	0.690377924168517	0.907541849653457
PLCL2	0.158589817770917	1	0.690458169381643	0.907541849653457
XRCC6	2.24438400167855	4	0.690912228914453	0.907861754229453
THOC1	0.738899809058239	2	0.691114404993227	0.907861754229453
C4orf48	0.157140646900643	1	0.691802814528978	0.907972097338714
FAM221A	0.157128538786921	1	0.691814079480099	0.907972097338714
SERPING1	0.736865428067176	2	0.691817757658488	0.907972097338714
S100PBP	0.156771606871644	1	0.692146381889547	0.908132394853886
BTF3	0.734351791122208	2	0.692687793620015	0.908314305158873
FANCA	0.733462583941616	2	0.692995833572773	0.908314305158873
SERBP1	0.155743172797884	1	0.693106304083794	0.908314305158873
WDHD1	0.15573799813518	1	0.693111143272664	0.908314305158873
EXOSC9	0.155152623224126	1	0.693659169131881	0.908761699684842
HDHD5	0.154570150131804	1	0.69420566496149	0.909206823853672
KRT10	0.153995947653357	1	0.694745565912711	0.909643048194136
LAMA4	0.153462691415115	1	0.695248007919842	0.90968302114693
ITGA7	0.153320719481883	1	0.695381945685946	0.90968302114693
TMEM241	0.153305173800618	1	0.695396615983624	0.90968302114693
ALG11	0.724956055348002	2	0.69594960514225	0.910135701283263
ATE1	3.85341451613385	6	0.6965055608914	0.910591990725439
ARMCX3	0.721895053393382	2	0.697015572216824	0.910655099664201
HDAC2	0.721798999977182	2	0.69704904838412	0.910655099664201
ZSCAN9	0.720453492849629	2	0.697518148392206	0.910655099664201
MKS1	3.01494484006389	5	0.697681649768663	0.910655099664201
ATP6AP2	2.20588085156442	4	0.697952759946971	0.910655099664201
TSPAN9	0.150609511155153	1	0.697953566835859	0.910655099664201
NOP2	0.718857719796233	2	0.698074910812015	0.910655099664201
MEGF8	0.150240630821145	1	0.698305508883912	0.910655099664201
DPYSL3	0.149991312195198	1	0.698543660817722	0.910655099664201
RHOBTB2	0.717283913470965	2	0.698624444353573	0.910655099664201
ZNF276	0.713523512645054	2	0.699939233969004	0.911754130835045
PARP2	0.712234164508118	2	0.70039061212291	0.911754130835045
PRKRA	2.99731526348478	5	0.700399769357067	0.911754130835045
HNRNPL	1.42185219632756	3	0.70042054429308	0.911754130835045
PCBP4	0.147898189140506	1	0.700552070242874	0.911754130835045
ABCA3	0.147732808768524	1	0.700711451164723	0.911754130835045
IFI16	0.147456011951647	1	0.700978435964192	0.911831754324317
UBFD1	0.146548828543246	1	0.701855481865533	0.912702663880726
HMGA1	0.707106685295003	2	0.702188534993531	0.91286585187749
ASMTL	0.704998779124253	2	0.702928998905071	0.913558432974143
PNMA8A	0.14505707949138	1	0.703304465680454	0.913776378157352
BCR	0.144147572336351	1	0.704192089897955	0.913945698768437
HIGD1A	0.143393885975456	1	0.704930073103164	0.913945698768437
FAM185A	0.143306285379822	1	0.705015992273863	0.913945698768437
CDCA2	0.143276076152119	1	0.705045628621054	0.913945698768437
NCOA4	0.142466054770921	1	0.705841624519191	0.913945698768437
HPS1	0.142331307714215	1	0.705974289073528	0.913945698768437
EPC1	0.142092550981261	1	0.70620953211903	0.913945698768437
PEX10	0.695607151793411	2	0.706237584675379	0.913945698768437
CRYZ	0.14190932029345	1	0.70639021940235	0.913945698768437
GNS	0.141822493437758	1	0.706475887541975	0.913945698768437
ATP5F1C	0.69481181802621	2	0.706518487823996	0.913945698768437
SEMA6D	0.694226545198006	2	0.706725271115454	0.913945698768437
ITM2C	0.693480499368889	2	0.706988945011023	0.913945698768437
CASD1	0.141274518799946	1	0.707017241398977	0.913945698768437
LYAR	0.14074517257859	1	0.707541330919737	0.913945698768437
ZNF576	0.140567303659793	1	0.707717685824147	0.913945698768437
TP53INP2	0.140479777194287	1	0.707804513988995	0.913945698768437
RELT	0.140435715431209	1	0.707848235894195	0.913945698768437
AMDHD2	0.140424761400027	1	0.707859106648581	0.913945698768437
ZNF607	0.14038330639687	1	0.707900250872827	0.913945698768437
TUG1	1.38956784597502	3	0.707981898023302	0.913945698768437
TP53I3	0.140276193423631	1	0.708006592929528	0.913945698768437
NTAN1	0.688654479546358	2	0.708696976261891	0.914070379213316
RSL24D1	2.14668042545418	4	0.708801845063538	0.914070379213316
TAGLN3	1.38563856537257	3	0.708904557576097	0.914070379213316
ZWILCH	0.687984195722038	2	0.708934530126562	0.914070379213316
BBS1	0.138706448055018	1	0.709570379277286	0.914622077392
L1CAM	0.137460813333746	1	0.710818470721598	0.915646169787978
BTG3	0.137397876819932	1	0.710881701803119	0.915646169787978
SARS1	0.137074657685787	1	0.711206693515149	0.915646169787978
SRSF7	2.92612496646325	5	0.711374164865695	0.915646169787978
PPT1	1.37407741497009	3	0.711622219116958	0.915646169787978
HMBS	0.136257357870988	1	0.71203042392328	0.915646169787978
TPCN1	0.136234599274815	1	0.71205340171304	0.915646169787978
COX7A2L	0.13562476588055	1	0.712669922410455	0.915646169787978
ZNF671	0.135518345852688	1	0.712777670645224	0.915646169787978
GGPS1	0.135494606571285	1	0.712801712764726	0.915646169787978
SLC35F1	0.135455943073964	1	0.712840874605768	0.915646169787978
PSPC1	0.676196618858739	2	0.713125177522812	0.915646169787978
ZFP64	1.36684689330878	3	0.713324067673298	0.915646169787978
SPINT2	0.13482646662834	1	0.713479359224467	0.915646169787978
NELFA	0.675179831393052	2	0.713487818068077	0.915646169787978
TRIB2	0.1345889022341	1	0.713720762897913	0.915677921594231
C5orf22	0.134254486191821	1	0.714060993425205	0.91584725840888
GPER1	0.133736318694446	1	0.714589120917006	0.916257420930902
DUSP28	0.671255003670979	2	0.71488935119617	0.916375216135458
SUPT16H	0.13295129785547	1	0.715391445500158	0.916666424322958
ID2	0.132812690456831	1	0.715533386698662	0.916666424322958
FBXL12	1.35498705979535	3	0.716119084746897	0.917149602421914
CCDC40	0.131697184018662	1	0.716678790082113	0.917599219441378
IPO11	0.13115476607436	1	0.717237729805033	0.918026033724284
USP1	0.130968837913514	1	0.717429622080574	0.918026033724284
BECN1	0.130691637782547	1	0.717716000358279	0.918027931923588
CLK3	0.661841770228648	2	0.718261992008153	0.918027931923588
ARHGAP33	0.661185203390232	2	0.71849782421856	0.918027931923588
PSMD8	0.129838338450327	1	0.718599714028023	0.918027931923588
OAZ2	0.12964828272743	1	0.718796990439551	0.918027931923588
SLC16A4	0.129503848646493	1	0.718947021191753	0.918027931923588
HGS	5.35550678291111	8	0.718990610243059	0.918027931923588
TIMM23B	0.128280474662972	1	0.720221606211355	0.918027931923588
TBC1D5	0.128232896994717	1	0.720271313792418	0.918027931923588
CLASRP	0.128019455363301	1	0.720494438703506	0.918027931923588
PPIH	0.655540510183187	2	0.7205285384541	0.918027931923588
PRSS23	0.127720320364688	1	0.720807498024907	0.918027931923588
SLTM	1.33508762245629	3	0.720818512996151	0.918027931923588
MAF1	0.127494069171007	1	0.721044555612492	0.918027931923588
FBLN1	0.12744292496609	1	0.72109817546742	0.918027931923588
PTMA	0.653734825522406	2	0.721179355867417	0.918027931923588
MOK	0.653650798091235	2	0.721209655928266	0.918027931923588
EPM2A	0.12726467366933	1	0.721285149938691	0.918027931923588
PLK2	0.127157995040761	1	0.721397119765329	0.918027931923588
PARL	0.651197405976831	2	0.722094903823652	0.918462480155968
SIN3B	0.126436052129066	1	0.722156265661514	0.918462480155968
CTNNA2	0.126181524023195	1	0.722424492037931	0.91853799247841
TBC1D3L	0.125556872157077	1	0.723084055501395	0.919110889044837
XPO7	0.125175277098606	1	0.723487886854113	0.919358487831375
WIPI1	0.124920156973701	1	0.723758259776833	0.919361728326215
SDK1	0.124505228856066	1	0.724198659208103	0.919361728326215
PIGA	0.124171565516008	1	0.724553404216151	0.919361728326215
HECTD3	0.124093956348588	1	0.724635993709511	0.919361728326215
CFAP298	0.12399689895301	1	0.724739320325332	0.919361728326215
REEP2	0.123843641319581	1	0.724902569909194	0.919361728326215
WASH2P	0.643294912968059	2	0.724953723018489	0.919361728326215
DCAF13	0.123432928816328	1	0.725340620181014	0.919587214631335
NBEA	2.05437852797945	4	0.725757726868108	0.919624305698279
ORC3	0.638704623677768	2	0.726619507550842	0.919624305698279
NUP42	0.63780738806372	2	0.726945555130767	0.919624305698279
PAPOLG	0.637348917399436	2	0.727112215838078	0.919624305698279
C1orf159	0.121589741039202	1	0.727316642526949	0.919624305698279
FAM118B	0.121502877999546	1	0.727410178950862	0.919624305698279
TNFRSF1B	0.121478961467858	1	0.727435939489409	0.919624305698279
PUM2	0.635297165336397	2	0.727858525577716	0.919624305698279
FABP7	0.121015320091828	1	0.727935891399888	0.919624305698279
CLN6	0.120990598041487	1	0.727962579711433	0.919624305698279
HTRA1	0.120614647223533	1	0.728368808880872	0.919624305698279
CRYM	0.120566482473578	1	0.728420903972357	0.919624305698279
IGBP1	0.120430442756273	1	0.728568107813853	0.919624305698279
SREBF2	0.120375509526639	1	0.728627575551477	0.919624305698279
EMX2	0.120314721819341	1	0.728693398751064	0.919624305698279
OARD1	0.120027511658492	1	0.729004652846959	0.919624305698279
RPSA	1.30029181246618	3	0.729063783671386	0.919624305698279
GGNBP2	1.2999974294712	3	0.729133686668917	0.919624305698279
PTPN20	0.119714626306461	1	0.72934420660144	0.919626095365003
LNP1	0.119318353501626	1	0.729774969118057	0.919905507074008
KPNA1	0.118897067862036	1	0.730233800438758	0.920220130180418
DEF8	1.29368176431217	3	0.730633948112912	0.920294258882649
HNRNPD	0.627156399408022	2	0.730827226296191	0.920294258882649
SMARCA2	4.41463352163714	7	0.730970954201436	0.920294258882649
ZNF692	0.625424687307714	2	0.731460291503816	0.920294258882649
RACK1	1.28995899233814	3	0.731518783054457	0.920294258882649
GMNN	0.117694888323342	1	0.731548142122269	0.920294258882649
SGTA	2.02125769561098	4	0.731848820984771	0.920409240689454
TOX4	1.28499156471094	3	0.732700026005467	0.921216327722139
NUMA1	0.619980339891754	2	0.733454166083002	0.921864703135177
MPHOSPH10	1.28106195881674	3	0.733634938829723	0.921864703135177
ENGASE	0.115239090599232	1	0.734256570018763	0.922382289329483
TOM1	0.114643220507787	1	0.734918580877723	0.922785823340266
MRPS34	0.114455370345695	1	0.735127679612426	0.922785823340266
DLG5	0.114210952212488	1	0.735400031455874	0.922785823340266
EIF3H	0.114195663364171	1	0.735417078401008	0.922785823340266
EML4	0.11394861942199	1	0.73569270688448	0.922868375606943
PDIK1L	0.612192810134502	2	0.736315631476384	0.922982394187932
TPX2	0.11335487708584	1	0.736356513014905	0.922982394187932
SLC25A6	0.113265180994858	1	0.736456961746241	0.922982394187932
MARK1	0.112886702318221	1	0.73688130022118	0.922982394187932
KAT8	0.112770800040039	1	0.737011404539389	0.922982394187932
CMC1	0.112742854959009	1	0.737042784990454	0.922982394187932
MEIS3	0.112529210113649	1	0.737282836953348	0.923020186997103
ARMC9	0.112077136315747	1	0.737791625470533	0.923180939773739
RNF185	0.607927523749822	2	0.737887605629454	0.923180939773739
ACOT2	0.111855956052864	1	0.738040969587191	0.923180939773739
PDZD7	0.606130170922142	2	0.738551025872111	0.92341592274693
INPP5J	0.111317840043512	1	0.738648753120441	0.92341592274693
DLEU1	0.110763764180504	1	0.739276271084221	0.923814613413546
LRRC27	0.603865529653405	2	0.739387776083602	0.923814613413546
ZNF184	0.60180299340027	2	0.740150676440048	0.924471382772433
CSDE1	5.16011465313568	8	0.740333835862781	0.924471382772433
SYVN1	0.109634948346866	1	0.740560125200448	0.92449146484007
ARPP19	0.109105720248408	1	0.741164566410262	0.92479453717116
SYT14	0.108876956139198	1	0.741426345442836	0.92479453717116
TLCD5	0.1088705080507	1	0.741433728527856	0.92479453717116
NAP1L1	1.24190019519807	3	0.742973438759411	0.926452277761239
TM9SF1	0.107296951277362	1	0.743242756710359	0.926525409300498
C9orf72	0.591939989818457	2	0.743809745764293	0.926969470635127
USP36	0.591205310757914	2	0.744083026677282	0.927047351650619
RAP1A	0.105650297618638	1	0.745151617887517	0.927904572388149
DENND6B	0.105614729340687	1	0.745193030849237	0.927904572388149
VPS35L	0.10506150682204	1	0.745838155531323	0.928445006517623
PAM	4.28246171324827	7	0.746729026086578	0.929290961156981
PTTG1	0.582734070681909	2	0.747241363690947	0.929410955330164
LINC00461	1.9375278248441	4	0.74724809869201	0.929410955330164
CEP120	1.9350505784646	4	0.74770352650252	0.92971447824656
LRTM2	0.102348095752745	1	0.749029818188025	0.930556774858987
ZFAND2B	1.92768068950363	4	0.74905832426539	0.930556774858987
EXD3	0.10220312846559	1	0.749201642730505	0.930556774858987
TANGO2	0.577331317501987	2	0.749262672947428	0.930556774858987
TCOF1	0.576861084203301	2	0.749438857787752	0.930556774858987
FAM102A	0.101643347768174	1	0.749866394446279	0.930824838491316
FAR1	0.101149817346823	1	0.75045414722491	0.931291574349648
RPS18	0.100311225527776	1	0.751456470460611	0.932080453524492
DGCR6L	0.100106971705827	1	0.75170130157579	0.932080453524492
FAM168B	0.100086678799926	1	0.7517256408939	0.932080453524492
SHC1	1.20213815671696	3	0.752491539153927	0.932374092981753
TRMT11	0.0993676652860813	1	0.752589783943711	0.932374092981753
P2RX4	0.0993604602227833	1	0.752598460683315	0.932374092981753
CEP89	0.567674985948543	2	0.752888984514965	0.932471347197076
FBXO11	0.564961681291607	2	0.753911086270483	0.933243733037779
CAPN7	0.0981029776896207	1	0.754118121659393	0.933243733037779
FBXO31	0.0978412272536389	1	0.754435788583069	0.933243733037779
SFSWAP	0.0978133110575072	1	0.754469695899648	0.933243733037779
JADE1	0.0976805009278223	1	0.754631081325549	0.933243733037779
DEDD2	0.562642551156387	2	0.754785802277258	0.933243733037779
TUBB3	0.560443553273217	2	0.755616144864733	0.933430467282739
SUCLA2	0.560402503855585	2	0.755631653825241	0.933430467282739
LAMB1	0.560245695647382	2	0.755690900770662	0.933430467282739
MAPK3	0.557584055276038	2	0.756697258967908	0.933430467282739
MAP1LC3A	0.095987154438717	1	0.756699410132205	0.933430467282739
MRPL45	0.0958352881752944	1	0.756885880506241	0.933430467282739
MTX2	0.0957292005871295	1	0.75701623719041	0.933430467282739
MCRS1	0.0956309796820278	1	0.757136998150577	0.933430467282739
JPH3	0.0956157195871583	1	0.757155766279448	0.933430467282739
PTRH2	0.0954842350250829	1	0.757317544907986	0.933430467282739
CRY1	0.095026342478377	1	0.757881890325118	0.933430467282739
POLR1D	0.0947694818823948	1	0.758199119052562	0.933430467282739
MMP28	0.0945891293116574	1	0.758422139957365	0.933430467282739
CRAT	0.552716193927154	2	0.758541250801601	0.933430467282739
NDUFS7	0.552666137680717	2	0.758560235903072	0.933430467282739
RMI1	0.09439623317121	1	0.758660929747085	0.933430467282739
ENKUR	0.0943240968600207	1	0.75875029724711	0.933430467282739
CDK5RAP3	2.61715458806793	5	0.758757144278261	0.933430467282739
RCE1	1.17481100952568	3	0.759051792863969	0.933531819075989
TRAP1	0.550745611966704	2	0.759289002970384	0.933562492329816
TMEM167B	0.0928116192699235	1	0.760632738562502	0.934953265566765
NKAIN2	0.0920613134585437	1	0.761572798049693	0.935469921628076
KDELR2	0.0916253365794546	1	0.762120957020278	0.935469921628076
TMEM132A	0.0915046051686659	1	0.762273005683009	0.935469921628076
GARS1	0.542515437122347	2	0.762419981302767	0.935469921628076
VLDLR	0.541973168100867	2	0.762626727698151	0.935469921628076
RPL17	0.0911224707161864	1	0.762754987267934	0.935469921628076
XPO1	0.0910126701764966	1	0.76289368124913	0.935469921628076
JAGN1	0.0909667425908367	1	0.762951721514555	0.935469921628076
CUL3	0.0909543412229823	1	0.762967396289201	0.935469921628076
CHPF	0.539571806561071	2	0.763542948879213	0.935541026311086
PSMC6	0.0903366090324198	1	0.763749662352121	0.935541026311086
CBLB	0.539009218988383	2	0.763757758977296	0.935541026311086
QARS1	0.0900932947997717	1	0.764058584108636	0.935541026311086
MAPKAP1	1.84354941447236	4	0.764505834820198	0.935541026311086
ELMO2	1.15187821596919	3	0.764567493371932	0.935541026311086
THADA	0.0895203473587571	1	0.76478782241122	0.935541026311086
PTTG1IP	0.0893817843098077	1	0.764964564799594	0.935541026311086
MLF1	0.0892923100759617	1	0.765078771866576	0.935541026311086
PREPL	1.14944767160614	3	0.765152585639149	0.935541026311086
C1orf109	0.0890394272129242	1	0.765401895063321	0.935544421334856
HHAT	0.534241026749001	2	0.76558080317966	0.935544421334856
STRIP1	0.0887233206085511	1	0.765806506442861	0.935560282037695
PHF3	0.0884272101225179	1	0.766186235567769	0.935764249938086
HDAC8	1.82803238591487	4	0.767349860855605	0.936925232660453
ABCB4	0.0873421239086909	1	0.767583684796329	0.936950609418333
ABCB1	0.087120468643036	1	0.767870307120448	0.937040402529337
CYFIP2	1.13521394811448	3	0.768580809408079	0.937647267621839
NCALD	0.0859942066058466	1	0.769332835545814	0.937994997587517
KIF20A	0.0858247868988542	1	0.769553736936696	0.937994997587517
TBC1D20	4.88388880433558	8	0.769911147698673	0.937994997587517
RGPD6	0.0854510814609739	1	0.770041838978918	0.937994997587517
ESS2	0.0853872495326868	1	0.770125326552599	0.937994997587517
AKT1S1	0.522044964759516	2	0.770263602061595	0.937994997587517
ARL4A	0.0852088929532115	1	0.770358783830403	0.937994997587517
UNC79	0.520556902447879	2	0.770836915434779	0.938317396646045
GBA2	0.0843154721301289	1	0.771532223573956	0.938710334409691
LDB1	0.0841150849233827	1	0.771796341317741	0.938710334409691
PJA1	0.0841122817073483	1	0.771800038477818	0.938710334409691
TBCB	0.517201796239533	2	0.772131120540463	0.938853377975382
EDF1	0.0830049880746628	1	0.773265705090495	0.939973071030403
MGAT4B	0.0827538598410342	1	0.773599581196236	0.94011908209479
ST7L	1.11271123242255	3	0.774006461634697	0.940177115593098
UBXN8	0.0823970673548615	1	0.774074883029242	0.940177115593098
CGRRF1	0.0820245463851847	1	0.774572327697011	0.9404983826092
ATG4A	0.510385660351858	2	0.774767085082568	0.9404983826092
ZFR	0.0816230275049747	1	0.775109865219506	0.94051446844268
CLN3	1.78448943360991	4	0.775318852531038	0.94051446844268
ANAPC5	1.10684519827373	3	0.775421887806538	0.94051446844268
ETFB	0.0807661858555093	1	0.776261772319004	0.940830776701644
ACVR2A	0.0807463448365127	1	0.776288523929115	0.940830776701644
CNBP	1.77898724081024	4	0.776324440347946	0.940830776701644
NCKIPSD	0.0805084939802327	1	0.776609494716925	0.940916958061994
SAP18	0.0801462718199559	1	0.777099285597921	0.941086208507597
RPL18	1.77396229922829	4	0.777242505138746	0.941086208507597
GTPBP4	0.079930858303598	1	0.777391131311528	0.941086208507597
CAP1	1.09430996760511	3	0.77844785471168	0.941471306350387
ATG5	0.0791496045899294	1	0.778453164711493	0.941471306350387
CBWD3	0.0790270835025524	1	0.778620231792933	0.941471306350387
NBPF1	0.078924463932708	1	0.778760269168741	0.941471306350387
RPL38	1.09293618572872	3	0.77877958447083	0.941471306350387
PPIA	0.499231298035738	2	0.77910017344907	0.941600044745537
KCTD10	0.0783178573365149	1	0.77959007398801	0.941933281703095
RNASEK	0.496980744040542	2	0.779977370405293	0.94210258652357
SCAP	0.0777629490266918	1	0.780352198635451	0.94210258652357
NICN1	0.0774668942982544	1	0.780760006688745	0.94210258652357
LAMTOR5	0.0774513553351426	1	0.780781434399433	0.94210258652357
WBP1	0.0772883698959959	1	0.781006325552515	0.94210258652357
FAM219B	1.08308545859836	3	0.781158810352476	0.94210258652357
EDN3	0.0770519291806551	1	0.781333026586272	0.94210258652357
RAD50	0.0768689498876753	1	0.781586228261668	0.94210258652357
PHGDH	0.492162218066824	2	0.781858806541547	0.94210258652357
AGBL5	0.491033292465545	2	0.782300261333875	0.94210258652357
MROH1	0.076263063207989	1	0.782426961602032	0.94210258652357
TATDN2	0.0762502700649748	1	0.782444752156664	0.94210258652357
FBXO3	0.490447990760003	2	0.782529235675611	0.94210258652357
ZNF518B	0.0759774580067187	1	0.782824516347113	0.94210258652357
BROX	1.07569928485998	3	0.782943372838483	0.94210258652357
UBE2E3	0.48872725621186	2	0.783202787930601	0.942156964255685
PATZ1	1.0733112867656	3	0.783520434759379	0.942281343197088
MED17	0.485445000770653	2	0.784489179014041	0.942807730728155
AOPEP	0.0747062567150181	1	0.784603819788433	0.942807730728155
MARCHF6	0.0745668211789337	1	0.784799975393231	0.942807730728155
HEXD	0.0745206315973519	1	0.784864997582121	0.942807730728155
PPAT	0.0743500257794949	1	0.78510535138412	0.942807730728155
THSD1	0.0742514481694343	1	0.785244365088047	0.942807730728155
CHMP1A	0.4820529209901	2	0.785820832904985	0.943242364387588
RHOA	0.481290277402877	2	0.786120540653362	0.943344648784034
CASTOR1	0.0733747721749438	1	0.786485034648181	0.943524599667949
PPP1R18	1.05932690005739	3	0.786900672775311	0.943765791891414
ANAPC2	0.0728537229315407	1	0.787226194686274	0.943898801589486
PNISR	0.476922941070825	2	0.787839042688863	0.94398239865838
PPIE	1.71378073083224	4	0.788212840579918	0.94398239865838
ZNF211	2.4189415365995	5	0.788650053556214	0.94398239865838
SNRPG	0.474632291743262	2	0.78874189110413	0.94398239865838
ANKRD6	1.05004046054083	3	0.789146095231373	0.94398239865838
NEPRO	0.0714323875962464	1	0.789262529652408	0.94398239865838
CPLANE1	0.0713981215124733	1	0.789311889228545	0.94398239865838
ZSCAN12	0.0713330083476649	1	0.789405718359254	0.94398239865838
GDF9	0.0712759826994898	1	0.789487930938783	0.94398239865838
SIDT2	0.47242353997035	2	0.789613439799402	0.94398239865838
IFT172	0.472313349018805	2	0.789656945126007	0.94398239865838
MYCL	0.471637757694225	2	0.789923732874103	0.944044722059865
NFASC	1.04280486246273	3	0.790895981578494	0.944822077922068
MRPS7	0.0700646812510968	1	0.791242627604329	0.944822077922068
AGPAT1	0.468244212966965	2	0.791265191386442	0.944822077922068
SLC41A3	1.03983034301473	3	0.791615429173891	0.944822077922068
RFC1	0.0697861977705543	1	0.791648330409918	0.944822077922068
UQCC3	0.069351188523683	1	0.792283801120461	0.945323971060171
SLC35A4	0.0690306750248055	1	0.792753378844555	0.945627708206768
ICA1	0.463083765609156	2	0.793309468781864	0.946034447858633
HSPBP1	0.0683726626009502	1	0.793721084863476	0.946258308771981
ZNF664	0.461526255225181	2	0.793927503267079	0.946258308771981
POU2F1	0.460104414966395	2	0.794492122986412	0.946641250535389
GATM	0.0677244297858124	1	0.794679285351673	0.946641250535389
SCLY	0.0672702153457863	1	0.795353613852186	0.947101396289425
MAGED4B	1.67195481422823	4	0.795805539188662	0.947101396289425
SLC25A29	0.0666941739841604	1	0.796212311155232	0.947101396289425
PHF6	2.36761310532893	5	0.796287198870093	0.947101396289425
COX16	0.0665497087375115	1	0.796428283480069	0.947101396289425
IQCG	0.453983254277091	2	0.796927454825374	0.947101396289425
AURKAIP1	0.453965112834283	2	0.796934683565081	0.947101396289425
ECSIT	0.0661788355710087	1	0.796983877976291	0.947101396289425
FAM104B	0.453157972620829	2	0.797256367487023	0.947101396289425
ZNF19	0.0659399131693306	1	0.797342680330636	0.947101396289425
NPDC1	0.0657939717730187	1	0.797562189191358	0.947101396289425
CLK1	1.01409996712027	3	0.797840233769816	0.947101396289425
NDUFA6	0.0655928686853713	1	0.797865091689932	0.947101396289425
CEP85	0.0653408639182089	1	0.798245361901603	0.947297113233472
SCAMP3	0.0648595270054102	1	0.798973866898646	0.947876671222447
TP73-AS1	0.064733701319426	1	0.799164778738707	0.947876671222447
UNC50	0.0643355868021445	1	0.799770131656828	0.948215530991087
SNX25	0.0640440604510815	1	0.800214677384275	0.948215530991087
ERLEC1	2.33880099903763	5	0.800551597813592	0.948215530991087
TMSB4X	0.444743110841955	2	0.800617835167007	0.948215530991087
DDX17	0.0636591588367992	1	0.800803262380725	0.948215530991087
AKR1A1	0.444176659645564	2	0.800844622746806	0.948215530991087
PGAP3	0.443180355116965	2	0.801243664692552	0.948215530991087
AZIN1	1.64166311682675	4	0.80128526322965	0.948215530991087
PJA2	0.0632761148262944	1	0.80139088874349	0.948215530991087
PIN1	0.0626839529795689	1	0.802303055738538	0.948803960939111
CRY2	0.44022125817537	2	0.80243002095076	0.948803960939111
C1orf52	0.0625335854576861	1	0.802535410344132	0.948803960939111
AKT1	1.63264385692253	4	0.802913420730203	0.948908689099448
RAP1GAP	0.0620632995807	1	0.80326403905398	0.948908689099448
NT5C3A	0.0620586412951525	1	0.803271270922521	0.948908689099448
HP1BP3	0.0614199195839547	1	0.804265613331614	0.949828186743404
PKN1	0.0608823321281307	1	0.805106774582412	0.950566334124416
ABCC10	0.0603494336166079	1	0.805944496496518	0.950977305265641
ASRGL1	0.0603074499770173	1	0.806010661592834	0.950977305265641
GLOD4	0.0601738523037056	1	0.806221370604522	0.950977305265641
TRAPPC11	0.429984364649499	2	0.806547745481029	0.950977305265641
EXOC1	0.429551595251951	2	0.806722288955569	0.950977305265641
ZNF273	0.0597762928150587	1	0.806849868745584	0.950977305265641
DDHD2	0.42864757240028	2	0.807087019072533	0.950977305265641
UBAP1	0.059511786843359	1	0.807269251686318	0.950977305265641
TCEAL8	0.059428869774365	1	0.807400922660733	0.950977305265641
ADI1	0.0589823119124731	1	0.808111728388224	0.951559673748703
SYDE1	0.0587115511925731	1	0.80854409849977	0.951637806387518
HCFC1	0.424875027373673	2	0.80861084185315	0.951637806387518
ZSCAN26	1.59862397352026	4	0.809039429533282	0.951763349223058
URM1	0.0583330229412695	1	0.809150332593227	0.951763349223058
UBA6-DT	0.0581522598108677	1	0.809440569271748	0.951850166753249
WDR20	0.965218756424292	3	0.809667136187229	0.951862086327569
PHF21A	0.419217036682312	2	0.810901636957754	0.952874362886505
MTX1	0.959527729372383	3	0.811043697231118	0.952874362886505
DIPK1A	0.0568213300034586	1	0.811592387748795	0.952874362886505
GZF1	0.0566456323499409	1	0.811878434439131	0.952874362886505
TARBP2	0.0563879556833626	1	0.812298797192117	0.952874362886505
MANEA	0.0563827422682124	1	0.812307312597276	0.952874362886505
TGIF2	0.415604288240502	2	0.812367752548488	0.952874362886505
SLC6A1	0.415308535201802	2	0.812487891546817	0.952874362886505
TRIR	0.0562563553849031	1	0.812513875783034	0.952874362886505
ACAA2	0.0559215934254667	1	0.8130621885442	0.952874362886505
ZFP1	0.0557597593033279	1	0.813327881045091	0.952874362886505
RBMX	1.57263234766651	4	0.813702321696717	0.952874362886505
INKA2-AS1	0.0554561489091441	1	0.813827436319988	0.952874362886505
ANAPC4	0.0553268054181899	1	0.814040694226233	0.952874362886505
ATP5PF	0.945802844521268	3	0.814362782663936	0.952874362886505
PRMT1	0.0550787439351552	1	0.814450428319295	0.952874362886505
METTL3	0.945041707456767	3	0.814546813249337	0.952874362886505
MORC2	0.0548303942982784	1	0.814861614723325	0.952874362886505
GNG4	0.0546217717155741	1	0.81520778580704	0.952874362886505
BRF1	2.23808164441516	5	0.815316635307866	0.952874362886505
SKIV2L	0.0542625174721252	1	0.815805540523695	0.952874362886505
PID1	0.0542366891359052	1	0.815848595966998	0.952874362886505
FGD3	0.406838546202835	2	0.815936069652431	0.952874362886505
ARRDC1-AS1	0.40681470739014	2	0.815945795183959	0.952874362886505
COX7C	0.0540546209510069	1	0.816152407951773	0.952874362886505
BABAM2	0.937421551219813	3	0.81638900890865	0.952874362886505
NFE2L1	0.405340961893671	2	0.816547264980602	0.952874362886505
POU6F1	0.0537901435368511	1	0.816594696161719	0.952874362886505
IP6K1	0.40354645095249	2	0.817280245267213	0.953421357741433
TSEN15	0.931629792661624	3	0.817788873778719	0.953707607922058
VPS33B	0.052978436741796	1	0.817959321755799	0.953707607922058
ZMYND8	0.0527569550024509	1	0.818333581375799	0.95378230763233
MPP1	0.400668535647583	2	0.818457123466215	0.95378230763233
PTPRA	0.398604578302184	2	0.819302189732334	0.954298668143096
WAC	0.398526462093514	2	0.819334190747688	0.954298668143096
GPANK1	0.0519519023336983	1	0.819700971225878	0.954473092785653
TOR2A	0.921835700586371	3	0.82015540934694	0.95457873072807
DCTD	0.396351246489985	2	0.820225789772937	0.95457873072807
SBDSP1	0.0514836535584209	1	0.820501427414149	0.954646898880272
SHQ1	0.0510025953699369	1	0.821327776994948	0.954928991980845
ERCC5	1.52753809745082	4	0.821752499739993	0.954928991980845
BCS1L	1.52629823555844	4	0.821973078151352	0.954928991980845
TMF1	0.0505775160087865	1	0.822061382875084	0.954928991980845
PSIP1	0.0505488450089615	1	0.822110979949703	0.954928991980845
POMZP3	0.0505468851904425	1	0.822114370718552	0.954928991980845
NAPG	0.05021561608919	1	0.822688509628809	0.954928991980845
NOTCH4	0.0502074820419693	1	0.82270263213085	0.954928991980845
ASPSCR1	0.0501306571374016	1	0.82283607643141	0.954928991980845
FAM8A1	0.389804336501584	2	0.82291516134775	0.954928991980845
RNF38	1.51880283632454	4	0.823305643247194	0.954940588112381
LGI4	0.0498299627759593	1	0.823359415671248	0.954940588112381
EIF4B	0.049586378809181	1	0.823784574516103	0.955035615439283
IFNGR2	0.0494293572082825	1	0.824059226030911	0.955035615439283
RPL4	0.904689522342323	3	0.824295974334389	0.955035615439283
DTNA	0.386417313855972	2	0.824309958209986	0.955035615439283
TCF12	0.385763807147669	2	0.824579348263347	0.955096121586042
PMM1	0.0488307371592782	1	0.825110513194574	0.955296070462127
ARL8B	0.0487876760053041	1	0.825186396472402	0.955296070462127
KRIT1	0.381933423945355	2	0.826160088933081	0.955938572610639
ENOX1	0.0482278734792772	1	0.826176106069359	0.955938572610639
ZNF155	0.0472398422978131	1	0.827937709622059	0.95772489398154
YPEL5	0.887950255535543	3	0.82833467331202	0.957835966572533
IMPDH1	0.376187952611986	2	0.828536840742263	0.957835966572533
RBMXL1	0.375511331140956	2	0.828817191070345	0.957835966572533
CDK13	0.375197141249032	2	0.82894740428984	0.957835966572533
ENTPD1-AS1	0.0464063564055834	1	0.829438828793088	0.957835966572533
ZNF582	0.0462237465420685	1	0.829769591284234	0.957835966572533
STK32B	0.0462027036164727	1	0.829807750371235	0.957835966572533
PDPN	0.0461946692159927	1	0.82982232229233	0.957835966572533
DDX41	0.0460127259302681	1	0.830152666843388	0.957835966572533
CPSF7	0.372027508332394	2	0.830262175339452	0.957835966572533
RNF4	0.0458519844396506	1	0.830445085304458	0.957835966572533
NEMF	0.0456298185242758	1	0.8308501300065	0.957835966572533
WWP2	0.0456170501602173	1	0.830873440117095	0.957835966572533
TRAPPC2	0.876550207276978	3	0.831082775907409	0.957835966572533
IKBKB	0.87437924905521	3	0.831605865468154	0.957999087656199
EIF3K	0.0451843579950264	1	0.831665394992147	0.957999087656199
BBS9	1.46827892889576	4	0.832245208357094	0.957999087656199
BBX	0.0448353048224988	1	0.832307158536092	0.957999087656199
UGDH	0.0448014708763367	1	0.832369503650055	0.957999087656199
WDCP	0.0444969586533261	1	0.832931732438504	0.957999087656199
CTSF	1.4602331783608	4	0.833661536648728	0.957999087656199
WAPL	0.0440085898289908	1	0.833837632068107	0.957999087656199
ZNF596	0.0439276329383915	1	0.833988309244408	0.957999087656199
GALE	0.0437722501600888	1	0.834277914687853	0.957999087656199
DNAAF2	0.0437234451383119	1	0.834368989130926	0.957999087656199
ACAD11	0.043717343223193	1	0.834380379569091	0.957999087656199
ZNF143	0.361502786074652	2	0.834642830924314	0.957999087656199
SPG7	9.75532200218368	15	0.834842006249161	0.957999087656199
SGMS1	0.0430483161799202	1	0.835634322184573	0.957999087656199
UBE2Z	0.0429663358481776	1	0.835788673254855	0.957999087656199
NDUFA11	0.0428896109810921	1	0.835933268619568	0.957999087656199
ZSCAN25	0.358083629153498	2	0.836070938713673	0.957999087656199
C10orf88	0.042801006400623	1	0.836100420366751	0.957999087656199
VPS45	0.357896983539831	2	0.836148966841231	0.957999087656199
C19orf48	0.357091666522592	2	0.836485717130338	0.957999087656199
DROSHA	0.356255073897501	2	0.836835689212223	0.957999087656199
MRPS5	0.0423728054467887	1	0.836910771856337	0.957999087656199
WDR55	0.0423485563797499	1	0.836956789580164	0.957999087656199
B3GAT1	0.355873195013828	2	0.836995489407225	0.957999087656199
ZNF682	0.0422221580447513	1	0.83719687975797	0.957999087656199
POC1A	0.0421170295846025	1	0.837396853851084	0.957999087656199
DAPK3	0.0420436671237212	1	0.837536557163804	0.957999087656199
SRGAP2	0.0419328202988254	1	0.837747882678234	0.957999087656199
PARP16	0.354049396639766	2	0.837759093025408	0.957999087656199
CHCHD4	0.0415931678122661	1	0.838397236282224	0.958479606230627
TNKS1BP1	0.0413783902013165	1	0.83880927810515	0.958680495121818
PIGQ	0.351067884138502	2	0.839008918991332	0.958680495121818
U2SURP	0.349528080732398	2	0.839655122111461	0.959169669362651
AGPS	0.0405861478345031	1	0.840338872051407	0.959505138786058
PLEKHA7	0.0405623138422015	1	0.84038512837742	0.959505138786058
VPS72	0.0403382435900994	1	0.840820690665835	0.959753282519684
SSR2	0.0399044917180618	1	0.841667436266362	0.960357852739222
CIC	1.41309425789927	4	0.841916008028758	0.960357852739222
CNTN1	0.0397320328175965	1	0.842005429777726	0.960357852739222
XYLT2	0.0391723203924812	1	0.843107667838064	0.961295466313533
VSIG4	0.340565911116983	2	0.843426130717365	0.961295466313533
CCT6A	0.038975824307272	1	0.843496565341661	0.961295466313533
HMGCL	0.0387680606608569	1	0.843908872586329	0.961295466313533
SMARCD1	0.03871748383267	1	0.844009415958409	0.961295466313533
GALNT17	0.0386259359148653	1	0.844191580763039	0.961295466313533
WDR33	0.0385426386674226	1	0.844357523048926	0.961295466313533
RAB1A	0.337769689274865	2	0.844606158714624	0.961329680648788
COMMD7	0.0381615737933316	1	0.845119054237873	0.961343363903313
GBF1	4.12958468505758	8	0.845246614053406	0.961343363903313
SPOP	0.038020438298517	1	0.845402104739367	0.961343363903313
GAP43	0.0378811649406998	1	0.845681955770175	0.961343363903313
TTC3	2.02402458172037	5	0.845810891475872	0.961343363903313
PBX3	0.0377580917452178	1	0.845929699478358	0.961343363903313
VPS16	0.037539437176747	1	0.84637088210455	0.961596264400881
TMEM128	0.0372380930000418	1	0.846981099165022	0.962017766113367
VPS39	0.0371404586476274	1	0.847179356106656	0.962017766113367
PEA15	0.0369154647487449	1	0.847637261647256	0.9621876785189
PWWP2A	0.0368520703026434	1	0.847766542578613	0.9621876785189
DCAF8	0.801843771576841	3	0.84902597688103	0.963368484603398
TAX1BP3	0.0358416995265998	1	0.849842772115243	0.964046559649945
TDRD3	0.321584086302209	2	0.851469121532534	0.965314352580705
ZBTB3	0.0349851320917196	1	0.851626817595076	0.965314352580705
PTPN13	0.034864364968854	1	0.851880160353663	0.965314352580705
ATP6V0B	0.788936963553169	3	0.852111294813926	0.965314352580705
BNIP1	0.0344230347919847	1	0.852809856491222	0.965314352580705
LINC00511	0.318097441816462	2	0.852954801224178	0.965314352580705
COPG2	0.0342990163626382	1	0.853072219143599	0.965314352580705
CAPN15	0.0341620263291134	1	0.853362594288867	0.965314352580705
GMEB1	0.0340929385906747	1	0.853509266650386	0.965314352580705
EDNRB	0.0338458512708257	1	0.854035091362905	0.965314352580705
GAS2L3	0.033817435516454	1	0.854095689778661	0.965314352580705
MFSD8	0.0338173256671581	1	0.85409592409038	0.965314352580705
SCARB2	0.0337688841555064	1	0.854199289600842	0.965314352580705
ADGRV1	0.780015973421655	3	0.854240733018583	0.965314352580705
INO80	0.0336054112253805	1	0.854548678456511	0.965314352580705
VARS2	0.776545001253908	3	0.855068537231137	0.965314352580705
COG6	0.0331910600434639	1	0.855438220925259	0.965314352580705
LINC00652	0.0331383176443723	1	0.855551860708682	0.965314352580705
GTF2H1	0.0330965672951606	1	0.855641883078973	0.965314352580705
DOK5	0.0330283572184271	1	0.85578908437838	0.965314352580705
KNSTRN	0.311056766869513	2	0.855962781420376	0.965314352580705
WDR37	0.0328629465908676	1	0.856146703485692	0.965314352580705
DARS2	0.309661897733235	2	0.856559967678141	0.965314352580705
PCDHGC3	0.0326436144678155	1	0.856622337870602	0.965314352580705
MRPL52	0.309216114297897	2	0.856750909079462	0.965314352580705
ECE1	0.308825779447716	2	0.856918135266352	0.965314352580705
PDK2	0.0324366204778173	1	0.857072732090299	0.965314352580705
FIGNL1	0.766946615509369	3	0.857355513030556	0.965314352580705
FHL3	0.0321909703626204	1	0.857609166962428	0.965314352580705
USP14	0.032166536007594	1	0.85766264048815	0.965314352580705
NR1H2	0.306407418905195	2	0.857954930479434	0.965314352580705
ZDHHC4	0.0318666116871	1	0.858320727361053	0.965314352580705
TRIM39	0.0317703437767705	1	0.85853263311224	0.965314352580705
ZBED5	0.304345211706277	2	0.858840027131179	0.965314352580705
SNCAIP	0.304194209777052	2	0.858904872829601	0.965314352580705
STAT1	1.31332309579557	4	0.85911105073955	0.965314352580705
RITA1	0.302832333516506	2	0.859489933080098	0.965314352580705
DHCR7	1.31082753090595	4	0.859535820946372	0.965314352580705
MTF2	0.0313060989785754	1	0.859559213774597	0.965314352580705
MSMO1	0.031224728532834	1	0.859739954310737	0.965314352580705
MTO1	0.0310411776653297	1	0.86014855246018	0.965366528924277
CEROX1	0.0309006902327837	1	0.860462130342431	0.965366528924277
MDH2	0.0306766617104586	1	0.86096370193462	0.965366528924277
TOP1	0.0306183160719229	1	0.861094640038428	0.965366528924277
DDX56	0.298992429502505	2	0.861141697649064	0.965366528924277
KCTD20	0.0304582532842801	1	0.861454511326833	0.965366528924277
TMEM68	0.298075557801212	2	0.861536566379829	0.965366528924277
BRCC3	1.29901615017093	4	0.861542434294631	0.965366528924277
BBS4	0.296951466487144	2	0.862020925368521	0.96558874356725
INTS2	0.296582766504912	2	0.86217985356721	0.96558874356725
MCOLN1	0.0300288891348828	1	0.862424696855826	0.965617061296314
VOPP1	0.0295570621747174	1	0.863499106474906	0.965938790722266
RNH1	3.22396700153877	7	0.863539417367148	0.965938790722266
LGMN	0.740652468551161	3	0.8636029361357	0.965938790722266
TUT7	0.0294828980250941	1	0.863668788548248	0.965938790722266
ZNF197	0.029421163158645	1	0.863810200980144	0.965938790722266
TBC1D7	0.29160979010237	2	0.864326321077648	0.966017615572649
LINC00665	0.737459019439939	3	0.864359811875855	0.966017615572649
ZNF767P	0.0288965378617405	1	0.865018145006088	0.966017615572649
TSEN54	1.27632896866476	4	0.865378681162724	0.966017615572649
SLC7A6	0.288961671977688	2	0.865471498149627	0.966017615572649
ZCCHC18	0.0286941928188753	1	0.865487054674721	0.966017615572649
NOP14	0.288906839237256	2	0.865495226561904	0.966017615572649
ZNF30	0.732062362966644	3	0.865637886078174	0.966017615572649
PIGT	3.19640756587251	7	0.866257918225889	0.966308881143239
DDX3X	5.35136854096345	10	0.866505129996704	0.966308881143239
MAP3K13	0.0282347838046917	1	0.866558032566834	0.966308881143239
RNF111	1.26794881949445	4	0.86678954192907	0.966322029253245
ZNF23	2.50839766449576	6	0.86752665167897	0.966898685779045
THOC3	0.0277220357238548	1	0.867763989520989	0.966918172260783
NFIX	0.0275581595620906	1	0.868151831289026	0.966992513579591
ALG8	3.16826539821886	7	0.869012170018736	0.966992513579591
ESAM	0.0271494737016837	1	0.869124251535013	0.966992513579591
EOLA2	0.0271304537207016	1	0.869169689843051	0.966992513579591
SNRNP70	1.85067327651996	5	0.869397271437509	0.966992513579591
PAK4	0.0269839558578724	1	0.86952021960531	0.966992513579591
PLXNB1	0.27956955506238	2	0.869545360960599	0.966992513579591
GPD1L	0.0269212569764932	1	0.86967053963897	0.966992513579591
INSIG1	0.026863343664445	1	0.869809546093875	0.966992513579591
WASHC3	0.0266466603111439	1	0.870331009997458	0.967083584265354
ZNF394	0.0265040895287711	1	0.870675304847718	0.967083584265354
FAM98C	0.0264906557899565	1	0.870707794998843	0.967083584265354
TWF2	0.71012420172292	3	0.8708200905998	0.967083584265354
WDR48	0.0263737386794674	1	0.870990922527301	0.967083584265354
TRAFD1	0.0260018806839071	1	0.871895724994336	0.967616084412779
NAB2	0.0259958156702851	1	0.87191053718232	0.967616084412779
TMEM150A	0.273212683493171	2	0.872313551980451	0.967819122505052
CCDC136	0.270103196640832	2	0.873670830577535	0.9683147110382
ACADM	1.22675180531428	4	0.873674773742565	0.9683147110382
ATP5F1D	0.269909497854769	2	0.873755449164749	0.9683147110382
NRSN1	0.025216608234814	1	0.87382851223319	0.9683147110382
FAM13A	0.0250784389975252	1	0.874171764579865	0.9683147110382
NSD3	0.0250342265496784	1	0.874281805699777	0.9683147110382
SHROOM2	0.0250263434845692	1	0.874301436455819	0.9683147110382
NBN	0.0242973649025089	1	0.876130668388989	0.97009634430382
TGFBR1	0.0240391596469749	1	0.876785313507407	0.970576845911296
NDUFAF6	0.262107189009555	2	0.877170761598668	0.970759187093845
SSBP1	0.0237324576608557	1	0.877567611500314	0.970781089283492
SPAG7	0.260854873166409	2	0.877720181013324	0.970781089283492
TP53BP2	0.0235463042497486	1	0.878044954593992	0.970781089283492
PHB2	0.259919608390192	2	0.87813072738257	0.970781089283492
ZFAND3	0.0234275197453826	1	0.878350557253916	0.970781089283492
DPY19L3	0.25813236145359	2	0.878915796334571	0.970781089283492
ZNF501	0.0231991112073047	1	0.878940431290073	0.970781089283492
CCT3	0.675476438475016	3	0.878956411443126	0.970781089283492
ATP6V0E2	0.673138787798962	3	0.879503042836699	0.97101592380957
RNF213	0.022860913448767	1	0.879819323821845	0.97101592380957
PCGF6	0.0227832350428798	1	0.880022128151498	0.97101592380957
RNF123	0.255254008693555	2	0.880181621843282	0.97101592380957
NVL	0.668902642423745	3	0.880492821864281	0.97101592380957
IFT140	0.0226031172414878	1	0.880493748101993	0.97101592380957
ZGPAT	1.76141435246609	5	0.88107356222689	0.971331053380751
TGFB3	0.022291448110991	1	0.88131438352192	0.971331053380751
RNASEH2B	0.664835779447913	3	0.881442072315275	0.971331053380751
UBQLN1	0.0220618215025752	1	0.881922757089271	0.971423296518064
TMEM30A	0.0220449680346064	1	0.881967535924654	0.971423296518064
LRRCC1	0.0215453623834208	1	0.883302998745218	0.972627967548383
UCHL1	0.24771987778513	2	0.883503576706637	0.972627967548383
JAKMIP1	0.0212644041475869	1	0.884060964809681	0.972862799250179
CCSER2	0.0210697779628219	1	0.88458902756138	0.972862799250179
MRPS25	0.0208942142057822	1	0.885067510340834	0.972862799250179
DCLK3	0.0208687992613932	1	0.885136946225337	0.972862799250179
RBM25	0.648518549968117	3	0.885240742189045	0.972862799250179
GRK2	0.0207815379408203	1	0.88537568100749	0.972862799250179
MORC3	0.0206701440788493	1	0.88568118372939	0.972862799250179
ATP1B1	0.644516475116689	3	0.886169913089947	0.972862799250179
CSE1L	0.0204510635667248	1	0.886284482950626	0.972862799250179
CUL2	0.0203346167631935	1	0.886606494152172	0.972862799250179
CABIN1	0.240474656076969	2	0.886709970605362	0.972862799250179
AFAP1L2	0.0202673627593413	1	0.886792900823467	0.972862799250179
SNHG16	1.14529779250961	4	0.88702021773676	0.972862799250179
ZNF17	0.0201498050463442	1	0.887119492777194	0.972862799250179
HPCAL4	0.239315849558125	2	0.887223882119119	0.972862799250179
NSD1	0.0200826726236301	1	0.887306432227869	0.972862799250179
LRCH2	0.0199287939348665	1	0.887736134776463	0.972862799250179
NBPF9	0.0199034406248018	1	0.887807095443368	0.972862799250179
RANGAP1	0.0198632069440521	1	0.887919799042797	0.972862799250179
RNF25	0.0197351713472926	1	0.888279232358651	0.973014212680784
RNF19A	0.0194669518186856	1	0.889036077317574	0.973600763954853
RALGAPA2	0.0191994211397741	1	0.88979629229576	0.973838265896459
SFPQ	0.0191351555567962	1	0.889979712093397	0.973838265896459
RETREG3	0.0189908860447758	1	0.890392617027587	0.973838265896459
SPATA20	0.624854641238016	3	0.890719637327708	0.973838265896459
MAGED4	0.623113501053012	3	0.891121274657951	0.973838265896459
PRMT5	0.0185496092017274	1	0.891665586213162	0.973838265896459
ENO2	0.228792649788375	2	0.891904401908204	0.973838265896459
CIZ1	0.0184365692939537	1	0.891994151681296	0.973838265896459
YLPM1	0.617596687925015	3	0.892392461692019	0.973838265896459
ZEB1	1.11128385367761	4	0.892477789185375	0.973838265896459
ZNF419	0.22734377080792	2	0.892550766776303	0.973838265896459
ILF3	0.615558897074152	3	0.892861464405174	0.973838265896459
C1orf122	0.226363016808364	2	0.892988560476672	0.973838265896459
RBM19	0.225231084867119	2	0.893494104660965	0.973838265896459
MIR4458HG	0.225014238571703	2	0.893590985356211	0.973838265896459
ANKRD26	0.0178755550291356	1	0.893640204315552	0.973838265896459
TRRAP	0.223838589477566	2	0.894116414487383	0.973838265896459
HMCES	0.223325203302011	2	0.894345957450436	0.973838265896459
TIGD6	0.0176281272537722	1	0.894374523238084	0.973838265896459
SHC2	0.0175697417797949	1	0.894548563720893	0.973838265896459
AKAP8L	1.09670926207139	4	0.894793966453091	0.973838265896459
CBS	0.606671710293085	3	0.894903353654096	0.973838265896459
AASDHPPT	0.0174264331144514	1	0.894977002216342	0.973838265896459
LYPD6	0.0174256514773106	1	0.894979343919568	0.973838265896459
SNRNP27	0.0174171388880495	1	0.895004850208436	0.973838265896459
PTPRM	0.221840627439633	2	0.895010066110388	0.973838265896459
TPT1	0.219973787699701	2	0.895845876310154	0.974404012916856
PXYLP1	0.0170556538175788	1	0.896093881598416	0.974404012916856
TBCE	1.64142753549095	5	0.896194686732306	0.974404012916856
FAM131B	0.598137748118461	3	0.896858560767282	0.974720312801852
MRPL20	0.016781109574481	1	0.896928855368143	0.974720312801852
ETNK2	0.0166406903995266	1	0.897358598362919	0.974733552266353
TRIM68	0.0164866421455372	1	0.897832178024506	0.974733552266353
UMAD1	0.016355624696871	1	0.898236728493217	0.974733552266353
SQLE	0.016347582146409	1	0.898261615518289	0.974733552266353
ELAC1	0.0163426724438693	1	0.898276811256213	0.974733552266353
FAM133B	0.214199109331275	2	0.898436225019919	0.974733552266353
NMD3	0.0162730790216301	1	0.898492455863528	0.974733552266353
CARMIL3	0.0160422831452252	1	0.899210982377229	0.975272478543787
DCAF5	0.0158623972808982	1	0.899774662394415	0.975643235998678
DNPEP	0.0155457894592246	1	0.90077471016363	0.97647837547731
TMX1	0.0154783952900033	1	0.90098891489016	0.97647837547731
JUP	0.206445815767438	2	0.901925904677755	0.97725304970997
CYB561	0.0150873589141156	1	0.902241233997377	0.977353927862183
ZBED1	1.58905556481022	5	0.902569673416722	0.97746895436758
DKC1	0.0146541358626564	1	0.903648051352463	0.977875077564672
KLHL24	0.0145200307647997	1	0.904087800225264	0.977875077564672
PPCS	0.201484623329009	2	0.904165995899144	0.977875077564672
TRIO	0.201194723247681	2	0.904297064295972	0.977875077564672
DAGLA	0.0143969057063487	1	0.904493361752825	0.977875077564672
SIRT7	0.0143959951144552	1	0.90449636769058	0.977875077564672
FTX	0.0143021971642838	1	0.904806520600072	0.977875077564672
SCAF4	0.199992695553192	2	0.904840722710389	0.977875077564672
RNF121	0.0142601810830456	1	0.904945785740841	0.977875077564672
GOLGA8B	0.19879015851933	2	0.90538493854332	0.978060540469034
ZNF229	0.0138997920801103	1	0.906148969667209	0.978060540469034
LRIG1	0.0136307390720276	1	0.907057567640915	0.978060540469034
SMARCC2	0.0135881430029485	1	0.90720224625034	0.978060540469034
LRRC4C	0.194240869110217	2	0.907446711610988	0.978060540469034
ITPRIP	0.0135141195091251	1	0.907454216744213	0.978060540469034
PHKG2	0.193553243010911	2	0.907758757271917	0.978060540469034
RPP21	0.549261264493111	3	0.907943039290164	0.978060540469034
PRKCZ	0.0132258232806635	1	0.908442284899457	0.978060540469034
HNRNPR	0.0132042648401693	1	0.908516607949813	0.978060540469034
ADPGK	1.00772773073822	4	0.908621958103054	0.978060540469034
ZBTB17	0.19128177679886	2	0.908790314620868	0.978060540469034
LYRM9	0.0131214650648417	1	0.908802634450808	0.978060540469034
LRRC32	0.0131124297221277	1	0.908833901723779	0.978060540469034
LPAR5	0.0130253929280144	1	0.909135657766297	0.978060540469034
SELENOF	0.0129943294473378	1	0.909243601857435	0.978060540469034
MBP	0.0129436860086116	1	0.909419865971598	0.978060540469034
ABCB9	0.541434825180659	3	0.909698490138067	0.978060540469034
XRCC4	0.541206796091501	3	0.909749550202457	0.978060540469034
NPIPA1	0.0128362837030238	1	0.909794838449234	0.978060540469034
STXBP6	0.0128178876895788	1	0.909859223411857	0.978060540469034
DTYMK	0.0127748763198952	1	0.91000994351962	0.978060540469034
BEGAIN	0.0125771998859818	1	0.910705967106968	0.978339942013192
NUSAP1	0.536308589234977	3	0.910845153964974	0.978339942013192
CSTF3	0.184810413786181	2	0.911735633121628	0.978339942013192
ERC2	0.0122462862816235	1	0.911883635044839	0.978339942013192
LRRN3	0.0122303745783654	1	0.911940665672691	0.978339942013192
SLC39A11	0.0121741225419782	1	0.912142585509862	0.978339942013192
CBWD1	0.0121643550355657	1	0.912177694598525	0.978339942013192
R3HCC1L	0.0120851420607551	1	0.912462952542151	0.978339942013192
SCAMP4	0.182014258251911	2	0.913011201904207	0.978339942013192
MRPL37	0.0119055313512035	1	0.913113283436545	0.978339942013192
RSRP1	0.181706975181442	2	0.91315148912365	0.978339942013192
CS	0.011891789490619	1	0.913163243482115	0.978339942013192
FAM193A	0.180970994215556	2	0.913487582016833	0.978339942013192
ZNF205	0.180927654687252	2	0.913507377291769	0.978339942013192
NAP1L4	0.0117701733543072	1	0.91360667163442	0.978339942013192
ZNF227	0.521056457629584	3	0.914241636935278	0.9785988722586
SELENOK	0.011441766245639	1	0.914815800654544	0.9785988722586
ENOX2	0.0113824032273726	1	0.915036228174038	0.9785988722586
PEX13	0.0112735787361657	1	0.9154418316647	0.9785988722586
VPS50	0.0112514337372431	1	0.915524611133995	0.9785988722586
OLA1	0.0111824805367178	1	0.915782891712351	0.9785988722586
RBL2	0.0111440667305942	1	0.915927129053697	0.9785988722586
BANP	0.175547974805397	2	0.915967873608652	0.9785988722586
MARS1	0.011128043061035	1	0.915987369506733	0.9785988722586
TGFBRAP1	0.0110307753156178	1	0.916353989212736	0.9785988722586
SLC25A19	0.174131527417842	2	0.91661681352967	0.9785988722586
NOC2L	0.010861034890695	1	0.916997707617106	0.9785988722586
GPR22	0.0107610109207599	1	0.917379418327599	0.9785988722586
NUDT4	0.171628976011192	2	0.91776447174638	0.9785988722586
LMBRD1	0.170612973762218	2	0.918230815571606	0.9785988722586
G6PC3	0.0105371403181493	1	0.918240302656593	0.9785988722586
SAP30BP	0.502800506629683	3	0.918275723190306	0.9785988722586
CD99L2	0.170205789781903	2	0.918417779042259	0.9785988722586
ZNF510	0.0104672754694661	1	0.91851085329463	0.9785988722586
NDUFB5	0.0104567722553384	1	0.918551605643577	0.9785988722586
CCDC93	0.0104445931223154	1	0.918598886440785	0.9785988722586
TKT	0.0103972180572782	1	0.918783067330212	0.9785988722586
NDUFAF1	0.0103401967525656	1	0.919005313243357	0.9785988722586
ARPC2	0.010293262518644	1	0.919188708799518	0.9785988722586
CTSA	0.496714801792677	3	0.919612560347703	0.978621384993628
RPS15	0.496194267968804	3	0.919726715369305	0.978621384993628
IARS1	0.932161154285495	4	0.919902115086969	0.978621384993628
MRPL21	0.165058737144818	2	0.920784395336519	0.978621384993628
TRPC4AP	0.00988191125361482	1	0.92081448772967	0.978621384993628
ANLN	0.00981830075647849	1	0.921068924602834	0.978621384993628
SPRY1	0.00976959894657625	1	0.921264290986529	0.978621384993628
CCAR1	0.00972322581949925	1	0.921450773433681	0.978621384993628
ZNF280D	0.16347692374984	2	0.921512937948372	0.978621384993628
GINS1	0.487348506978833	3	0.921661967460897	0.978621384993628
MFSD11	0.163003114912954	2	0.921731274296426	0.978621384993628
CCDC12	0.00961690318115416	1	0.921880035931924	0.978621384993628
SUPT4H1	0.00949487442721875	1	0.922375673127721	0.97891124768719
ERCC6	0.160902664598325	2	0.922699808169273	0.979019000320498
TCHP	0.00935482196473458	1	0.922948495628829	0.979046667577325
COMMD4	0.00924308264444562	1	0.923408626965118	0.9792985631523
SCN3B	0.00904410993669558	1	0.924234980737831	0.979908069570107
FTSJ1	0.00899771864806098	1	0.924428963312045	0.979908069570107
SLF1	0.00894210036861409	1	0.924662194335797	0.979919115828635
DHRS4-AS1	0.466840461268362	3	0.926113631238504	0.980866456576516
ORMDL1	0.466430542060607	3	0.926202095652551	0.980866456576516
RANBP3	0.00857386296729601	1	0.926225191942308	0.980866456576516
AKTIP	0.152273699511966	2	0.926689380665918	0.981121785307825
ORMDL3	0.00837769177542214	1	0.927071682944813	0.981207134358549
BRMS1	0.150797837638493	2	0.927373465801406	0.981207134358549
PYCR2	0.150434114304517	2	0.927542134822567	0.981207134358549
FKBP3	0.00822076309410136	1	0.927756061327782	0.981207134358549
ARHGEF25	0.00804573622798443	1	0.928527183050695	0.981207134358549
PRKAG1	0.147968387562287	2	0.928686372745335	0.981207134358549
XKR8	0.00800337222960934	1	0.928715095010008	0.981207134358549
TBC1D23	0.453597609131975	3	0.928960924434746	0.981207134358549
CNIH4	0.00793504812804713	1	0.929019216329308	0.981207134358549
SCN2A	0.146648939830243	2	0.92929925145261	0.981207134358549
PDXDC1	0.45167853664384	3	0.929371684050427	0.981207134358549
C6orf136	0.00782076344333404	1	0.929530880391931	0.981207134358549
PLPP5	0.145850470524238	2	0.929670333986374	0.981207134358549
FURIN	0.00774003850503391	1	0.929894568226275	0.981208327989242
BEX2	0.00766810975073895	1	0.930220240397136	0.981316530886688
CNTROB	0.00739993702705988	1	0.9314482237471	0.981924915947477
PIK3R2	0.0073008653416764	1	0.931907538562085	0.981924915947477
EEF1A1	2.43487735977396	7	0.931920516622948	0.981924915947477
DIP2A	0.00707804409967139	1	0.932952188084406	0.981924915947477
TPRA1	0.138682547426384	2	0.933008214561516	0.981924915947477
SMYD2	0.432659880996653	3	0.933416084683512	0.981924915947477
NAPA	0.00697687222782406	1	0.933431974060599	0.981924915947477
MRPS6	0.00697620969003765	1	0.933435127508843	0.981924915947477
RASGEF1B	0.00696581986039746	1	0.933484599203163	0.981924915947477
CYB5A	0.00692129797042185	1	0.933697014300766	0.981924915947477
ZBTB46	0.00679644297616733	1	0.934296397847492	0.981924915947477
RUSF1	0.00670950542462379	1	0.934717033224065	0.981924915947477
ARFGAP1	0.426319063888513	3	0.934753503561042	0.981924915947477
RAB24	0.426257276771935	3	0.934766508021383	0.981924915947477
AMBRA1	0.424171067679708	3	0.935205278600376	0.981924915947477
PPP4R3A	0.423435423463616	3	0.935359851125428	0.981924915947477
RAB3GAP1	0.00656211990360589	1	0.935436455042879	0.981924915947477
COX20	0.00652978411790173	1	0.935595377756656	0.981924915947477
SETD4	0.00644599770981813	1	0.936009020409375	0.981924915947477
PPWD1	0.00636599798599491	1	0.936406501287183	0.981924915947477
KDM1A	0.131374867941304	2	0.936423512732419	0.981924915947477
TMEM94	0.00635707298988564	1	0.936451000851722	0.981924915947477
WASH6P	0.00633835356698143	1	0.936544437144945	0.981924915947477
RNF19B	0.00632920206979293	1	0.936590166541466	0.981924915947477
MDGA2	0.00630307132593089	1	0.93672092349093	0.981924915947477
RPS15A	0.00629320329795746	1	0.936770373546688	0.981924915947477
PDCD4	0.0062822842667174	1	0.936825135815283	0.981924915947477
SLC12A9	0.00620027259833478	1	0.937237989353374	0.982069533797422
ACTG1	4.86757401865907	11	0.93740970961382	0.982069533797422
BEX3	0.128476713346117	2	0.937781446423475	0.982225006280172
AKR1B1	0.00597815084711328	1	0.938370172006586	0.98260762297261
KHDC4	0.00578598730862723	1	0.93936684630948	0.983208458691053
PRDX1	0.00578135540490621	1	0.93939107399268	0.983208458691053
CTCF	0.399144507783149	3	0.940419162778834	0.983979070040311
SMIM7	0.122528183116401	2	0.940574809106291	0.983979070040311
SEZ6L2	0.121800455568746	2	0.940917112478022	0.984103082206502
RPAP3	0.120162472173774	2	0.941688031426181	0.984649514615974
COX11	0.392013478842784	3	0.941887336968941	0.984649514615974
KCNQ3	0.0052443138011995	1	0.942269551257899	0.984669440254727
NUDT16L1	0.118748180256716	2	0.942354177815404	0.984669440254727
ST3GAL4	0.00517453579641369	1	0.942654235997034	0.984738856057528
MIEF1	0.00513588803934795	1	0.942868422659902	0.984738856057528
CERCAM	0.00499296910356861	1	0.943667604732661	0.984802441768479
DTNBP1	0.757973794311852	4	0.943991799268692	0.984802441768479
PPME1	0.00488404318093671	1	0.944284452156727	0.984802441768479
RABGGTA	0.379701861228796	3	0.944402947185919	0.984802441768479
NTRK3	0.00483875422116853	1	0.944542956195946	0.984802441768479
ENSG00000124593	0.00471372956451432	1	0.945262959951122	0.984802441768479
GHDC	0.00470409769479829	1	0.945318824697617	0.984802441768479
ZFYVE1	0.00465245611121645	1	0.945619330207465	0.984802441768479
NCLN	0.00462307250654703	1	0.945791063410408	0.984802441768479
HNRNPH3	0.372824359124934	3	0.945797322505315	0.984802441768479
NUP205	0.00459565460732847	1	0.945951803176032	0.984802441768479
ZCCHC7	0.00451854080552039	1	0.946406489977261	0.984802441768479
KLF10	0.0044961907187826	1	0.94653900022034	0.984802441768479
GFOD1	0.00449538540433991	1	0.946543780974276	0.984802441768479
PLRG1	0.00445749602295109	1	0.946769199751938	0.984802441768479
GSTCD	0.00444182184116926	1	0.946862732893396	0.984802441768479
SUSD4	0.109023254691806	2	0.946947498307699	0.984802441768479
USP20	0.108957263257253	2	0.946978744035113	0.984802441768479
DLGAP5	0.00438822961746155	1	0.947183794606791	0.984802441768479
NPM1	1.17004549187186	5	0.94771861070775	0.985125608577803
CDH23	0.106383707616573	2	0.948198079618015	0.985237207271241
EGLN2	0.360508793139161	3	0.948274010545513	0.985237207271241
GPT2	0.00416759099607589	1	0.948526816343512	0.985267108710147
MIIP	0.00408379660439095	1	0.949046197576679	0.985364698517965
COL26A1	0.0040801592091384	1	0.949068863784016	0.985364698517965
COX15	0.00392582144733922	1	0.950040136046888	0.986125852396175
LINC00342	0.101822193852854	2	0.950363156982485	0.986125852396175
ANKRD13C	0.00381782658311636	1	0.950731211066627	0.986125852396175
THYN1	0.100750811747275	2	0.950872394407369	0.986125852396175
DVL3	0.00378811002485691	1	0.950923087769936	0.986125852396175
ZNF407-AS1	0.00372098949492283	1	0.951359277633084	0.986181177087626
SEMA4G	0.00371094285350182	1	0.951424905498589	0.986181177087626
WDR25	0.0971786312290988	2	0.952572255929813	0.987137790193054
PGRMC1	0.00334227287385147	1	0.953898065888125	0.987642466683312
ZNF3	0.331530007157198	3	0.953993449292526	0.987642466683312
ZNF700	0.0934969376407935	2	0.954327410503032	0.987642466683312
CDC42SE2	0.329566102762328	3	0.954375279131978	0.987642466683312
YPEL4	0.00325743120532707	1	0.954486319322207	0.987642466683312
SGIP1	0.00324541859441752	1	0.954570227590913	0.987642466683312
ACTB	1.09402444399893	5	0.954631234782617	0.987642466683312
MRPS35	0.00319085842602362	1	0.954953306728698	0.987642466683312
ASB8	0.00311672181783251	1	0.95547914121234	0.987642466683312
ALDH18A1	0.00305318811297184	1	0.955934785271039	0.987642466683312
MTA3	0.00301489421758561	1	0.956211716677016	0.987642466683312
NCAPD3	0.0895239415656306	2	0.956225064249889	0.987642466683312
WRN	0.00300094356504133	1	0.956313042154433	0.987642466683312
ASAH1	2.05819385850009	7	0.956549308897249	0.987642466683312
GNG2	0.0882781365944538	2	0.956820884768968	0.987642466683312
ZNF410	0.316357709284375	3	0.956923245908272	0.987642466683312
NUCB2	0.0877756005523906	2	0.957061333466435	0.987642466683312
KMT2C	1.53375934232008	6	0.957220584071938	0.987642466683312
HK1	0.0028465314899222	1	0.957450735430022	0.987642466683312
CNN3	0.0867534556455212	2	0.957550586161355	0.987642466683312
BTRC	0.0854888094561375	2	0.958156258981596	0.988035457679029
FANCL	8.32768544562623	17	0.959028985272168	0.988703581159633
TTI2	0.00258265289096471	1	0.959469106723474	0.98885010871616
UCK1	0.0819133964942012	2	0.959870693131482	0.98885010871616
ATG3	0.0024962205952761	1	0.960152517359227	0.98885010871616
LINC01102	1.99280190683476	7	0.960237690787179	0.98885010871616
ARHGEF18	0.624564201669727	4	0.960295319310304	0.98885010871616
STOX1	0.00243943292224458	1	0.960608006598366	0.988940546118824
ZNF45	0.00235004786406989	1	0.961335861318264	0.988950022669908
QRICH2	0.0023228556464403	1	0.961560027849425	0.988950022669908
GPBP1L1	0.0022935380711715	1	0.961803193746001	0.988950022669908
HNRNPDL	1.46102095131937	6	0.962041626713085	0.988950022669908
ILKAP	0.289218359056576	3	0.962043296319325	0.988950022669908
PSMD1	0.00223329718388143	1	0.962307782088478	0.988950022669908
HRH2	0.00222097397428911	1	0.962411840543281	0.988950022669908
RAP1GDS1	0.00220126551539579	1	0.962578864028457	0.988950022669908
TM7SF2	0.0757713316220361	2	0.962823018187198	0.988950022669908
TGOLN2	0.00213734629718942	1	0.963125781582926	0.988950022669908
QDPR	0.0744092533791445	2	0.963478961665844	0.988950022669908
CRTC1	0.0020645022211454	1	0.963759154132875	0.988950022669908
WDR44	0.00206329133470717	1	0.963769776500549	0.988950022669908
NEMP1	0.00203196681559348	1	0.964045661049371	0.988950022669908
SLBP	0.00200724184946921	1	0.96426492948068	0.988950022669908
TRAPPC3	0.0727449389455614	2	0.964281061327245	0.988950022669908
GNA12	0.00197352332816081	1	0.964566148228474	0.988950022669908
RIMBP2	0.0715937372731332	2	0.964836262084172	0.988950022669908
TP53I11	0.272884158941451	3	0.965044866716474	0.988950022669908
ACAD8	0.272377353467164	3	0.965136983284194	0.988950022669908
HERC2P2	0.00188828126738372	1	0.965339346821718	0.988950022669908
MITD1	0.0696874453095688	2	0.965756330300461	0.98914679568268
AAMP	0.0684480511899892	2	0.966354992134152	0.989458746444093
KDM3B	0.0677025964869244	2	0.966715246205113	0.989458746444093
RPL6	0.00172287199802668	1	0.966891319233774	0.989458746444093
TMEM97	0.00169822478733295	1	0.967128861853069	0.989458746444093
GABRB3	0.001692343303489	1	0.9671858005828	0.989458746444093
PPP6R2	1.35459212319802	6	0.96856227630897	0.990398238821049
TWF1	0.0635242646640108	2	0.968736985883036	0.990398238821049
GFM2	0.00153184599457745	1	0.968779723376115	0.990398238821049
GPAA1	0.0015010507813713	1	0.969094973869046	0.99049028470278
BCL7B	0.0601381697415491	2	0.970378492760008	0.991347691493782
MYL12A	0.00137832718860409	1	0.970384677553599	0.991347691493782
LSM7	0.0596449396739445	2	0.97061783219594	0.991355602879178
RUFY2	0.0591105576490349	2	0.970877207207023	0.99139028495391
AMZ2	0.520861416998741	4	0.971438599603853	0.991543097852727
BMP1	0.00127841556923158	1	0.971477764585585	0.991543097852727
TEN1-CDK3	0.00119792888722259	1	0.972389842865261	0.991972998350895
PCBP2	0.866628274445247	5	0.972590399205644	0.991972998350895
OLFM1	0.054884898162527	2	0.972930673996414	0.991972998350895
PPP1R8	0.0011512174399968	1	0.97293329310033	0.991972998350895
ZNF195	0.504854044483864	4	0.97302672007407	0.991972998350895
SLC52A2	0.851080606998039	5	0.973661507621269	0.992390106724993
C1orf174	0.0525916556841821	2	0.974046896791548	0.99239896340711
AASDH	0.493306969518926	4	0.974149266768141	0.99239896340711
SLC35F2	0.00102128042283312	1	0.974505960919081	0.99239896340711
INSIG2	0.00101593147564927	1	0.974572788302708	0.99239896340711
VPS33A	0.000903343398931611	1	0.976022653635219	0.99364528488141
CEP162	0.000868697951091235	1	0.976486808264854	0.993887753471147
ARID4B	0.203469649004546	3	0.977027243736889	0.994207732058037
MGRN1	0.000779223326389911	1	0.977730286248186	0.99469299072855
ARID3B	0.000730527122868807	1	0.97843718984675	0.994881112378094
C18orf25	0.000721108688139793	1	0.97857660809973	0.994881112378094
MAP2K5	0.000716009114512417	1	0.978652475883242	0.994881112378094
SNRPB2	0.000704809625972302	1	0.978820048490226	0.994881112378094
CAB39L	0.000672573374686181	1	0.979309965416769	0.994949850132469
MAGOHB	0.0417356086232985	2	0.979348421651172	0.994949850132469
ZNF512	0.187596532799944	3	0.979566359953067	0.994949850132469
VPS28	0.0401507286055676	2	0.980124804100738	0.995066074817987
ZNF606	0.183978593388019	3	0.980133296069014	0.995066074817987
DYNLL1	0.0388006240282266	2	0.980786662962464	0.995486517072762
ULK3	0.732176497300316	5	0.981156193398107	0.995486517072762
NSFL1C	0.0379039626886879	2	0.981226478287954	0.995486517072762
GABRG2	0.00053774407911078	1	0.981499266029927	0.995533619003602
PSMA7	0.0364090009861684	2	0.981960200478704	0.995559276781984
CYB5R3	0.172002102801343	3	0.981977294834072	0.995559276781984
C1orf131	0.000482652796108596	1	0.982472396500294	0.995567808995041
VDAC2	0.000481205563119147	1	0.982498690241313	0.995567808995041
CUX1	0.000472112124043633	1	0.982664815563319	0.995567808995041
POLR2B	0.000448065024102107	1	0.983112002634193	0.995683094609897
OPTN	0.000421628997173684	1	0.983617703587865	0.995683094609897
B4GALT2	0.000418079995228027	1	0.983686787464317	0.995683094609897
LMBR1L	0.00041507890819048	1	0.983745435028648	0.995683094609897
ZMYM2	0.000395626894487577	1	0.984130825734596	0.995683094609897
QRICH1	0.000395320347479355	1	0.984136974140341	0.995683094609897
MRPS21	0.00037770418887817	1	0.984494398304964	0.995815631036162
TAFA2	0.0279881453104736	2	0.986103389220299	0.996989636053774
HNRNPA1	1.36509042230318	7	0.986616597736958	0.996989636053774
CCDC28B	0.0267576199005362	2	0.986710288541044	0.996989636053774
CDK8	0.000274867474217899	1	0.986772375979169	0.996989636053774
ZNF506	0.000267302567635852	1	0.986955654926149	0.996989636053774
PMS2	0.000257966477875016	1	0.987185459835636	0.996989636053774
ANKZF1	0.337294297029075	4	0.987281224030609	0.996989636053774
ZMAT4	0.000241605928664512	1	0.987598438615162	0.996989636053774
NSUN2	0.024762098406427	2	0.987695280647179	0.996989636053774
C5orf24	0.000222116718418874	1	0.988109103235174	0.997178484632468
ATP5IF1	0.000195465756405611	1	0.98884521367437	0.997692417926103
DDX11	0.000180468070084316	1	0.989281668474536	0.997725048468218
TUBA1A	0.30556768598035	4	0.989451932351053	0.997725048468218
C2orf27A	0.000164172828093001	1	0.989776989233875	0.997725048468218
CLVS1	0.0204567293294531	2	0.989823767164614	0.997725048468218
DNAJC11	0.0200767346541397	2	0.990011848912074	0.997725048468218
SAAL1	0.0190788032395517	2	0.990505954135026	0.997869174025032
CDC23	0.000136198805193999	1	0.990688559938019	0.997869174025032
METTL9	0.000131280943605816	1	0.990858206563668	0.997869174025032
TTC19	0.0175811182341477	2	0.99124796488258	0.997869174025032
PRELID3A	0.104521843539487	3	0.991289318170842	0.997869174025032
ZBTB33	0.000101071321296331	1	0.991978663837618	0.998254773127589
TBRG1	9.11613890366425e-05	1	0.992382035754001	0.998254773127589
SCG5	0.0151110786655408	2	0.992472932003974	0.998254773127589
C17orf49	0.0937196316321263	3	0.992580291697805	0.998254773127589
MAD1L1	0.0139699942556035	2	0.993039341263801	0.998388663531828
SLC22A17	0.0854634846109548	3	0.993522878721908	0.998388663531828
ALG9	0.0849067468882367	3	0.993585000608411	0.998388663531828
SETD2	0.456750316215903	5	0.993621459817828	0.998388663531828
TRAPPC2L	5.91462667216547e-05	1	0.993863800809237	0.998404064860444
NAGA	0.0113058625389613	2	0.994363016481823	0.998614712169107
DDX42	0.0740325809883871	3	0.994760039844146	0.998614712169107
SLC9A8	4.16933964402233e-05	1	0.994848061368035	0.998614712169107
COPS4	0.0718988749158598	3	0.994981734589592	0.998614712169107
SLX1B-SULT1A4	3.40386951265259e-05	1	0.995344953225199	0.998695340066046
GNB1	3.15799534291727e-05	1	0.995516228023999	0.998695340066046
MFN1	0.00828632715503375	2	0.99586540748351	0.998817802078102
TMEFF2	2.01842538558594e-05	1	0.996415364922102	0.999128389723341
PRKCSH	0.0530293195547529	3	0.99680335607643	0.999128389723341
SEC22C	1.55209553440727e-05	1	0.996856610756257	0.999128389723341
DFFB	0.045928478660926	3	0.997417943096211	0.999463229377338
HCCS	4.53696429758566e-06	1	0.998300495127897	0.999610608053072
GRB2	0.00331325509614544	2	0.998344743901912	0.999610608053072
ANTXR1	4.1100377075054e-06	1	0.99838243155165	0.999610608053072
DCLRE1A	2.99846919915581e-06	1	0.998618376726054	0.999610608053072
ING4	0.0289470101297411	3	0.998701457886584	0.999610608053072
VAPB	6.03089631567855e-07	1	0.999380372122332	0.999956224451892
CNEP1R1	0.000484956167383643	2	0.999757551311743	0.999956224451892
GSTK1	8.19651120309572e-08	1	0.99977156924564	0.999956224451892
MCM5	3.01011482406466e-09	1	0.999956224451892	0.999956224451892
TARBP1	NA	2	NA	NA
BCL9	NA	2	NA	NA
VCAM1	NA	1	NA	NA
ASPM	NA	1	NA	NA
SZRD1	NA	2	NA	NA
HK2	NA	1	NA	NA
CPNE4	NA	2	NA	NA
TBC1D1	NA	1	NA	NA
HERC6	NA	1	NA	NA
ADD1	NA	6	NA	NA
FSTL5	NA	2	NA	NA
EVC2	NA	1	NA	NA
OSTC	NA	1	NA	NA
ERCC8	NA	1	NA	NA
TCERG1	NA	2	NA	NA
MEF2C	NA	7	NA	NA
TENM2	NA	1	NA	NA
SYNGAP1	NA	1	NA	NA
PLAGL1	NA	2	NA	NA
DYNC1I1	NA	4	NA	NA
MAGI2-AS3	NA	1	NA	NA
SYBU	NA	13	NA	NA
C8orf34	NA	1	NA	NA
HEY1	NA	7	NA	NA
GOLGA7	NA	5	NA	NA
LRSAM1	NA	7	NA	NA
SHTN1	NA	1	NA	NA
USP6NL	NA	1	NA	NA
ZDHHC6	NA	9	NA	NA
RPH3A	NA	1	NA	NA
UGGT2	NA	1	NA	NA
SLC8A3	NA	2	NA	NA
NOVA1	NA	1	NA	NA
RBFOX1	NA	1	NA	NA
ITGA3	NA	1	NA	NA
SGSM2	NA	2	NA	NA
SLC1A6	NA	1	NA	NA
RTN2	NA	1	NA	NA
TEAD2	NA	3	NA	NA
YWHAB	NA	1	NA	NA
DSN1	NA	3	NA	NA
MRTFA	NA	2	NA	NA
ALG13	NA	3	NA	NA
MTM1	NA	1	NA	NA
POLA1	NA	1	NA	NA
